file,line,type,commit,author,date,time,timezone,datetime,depth,length
style.css,1,css,ad02a51a,Tristan Leo,2025-04-17,21:55:19,-07:00,2025-04-17T21:55:19-07:00,0,5
style.css,2,css,ad02a51a,Tristan Leo,2025-04-17,21:55:19,-07:00,2025-04-17T21:55:19-07:00,0,24
style.css,3,css,ad02a51a,Tristan Leo,2025-04-17,21:55:19,-07:00,2025-04-17T21:55:19-07:00,0,24
style.css,4,css,ad02a51a,Tristan Leo,2025-04-17,21:55:19,-07:00,2025-04-17T21:55:19-07:00,0,17
style.css,5,css,ad02a51a,Tristan Leo,2025-04-17,21:55:19,-07:00,2025-04-17T21:55:19-07:00,0,0
style.css,6,css,ad02a51a,Tristan Leo,2025-04-17,21:55:19,-07:00,2025-04-17T21:55:19-07:00,0,0
style.css,7,css,c61046db,Tristan Leo,2025-04-09,10:13:33,-07:00,2025-04-09T10:13:33-07:00,0,5
style.css,8,css,ad02a51a,Tristan Leo,2025-04-17,21:55:19,-07:00,2025-04-17T21:55:19-07:00,0,34
style.css,9,css,ad02a51a,Tristan Leo,2025-04-17,21:55:19,-07:00,2025-04-17T21:55:19-07:00,0,0
style.css,10,css,ad02a51a,Tristan Leo,2025-04-17,21:55:19,-07:00,2025-04-17T21:55:19-07:00,0,0
style.css,11,css,ad02a51a,Tristan Leo,2025-04-17,21:55:19,-07:00,2025-04-17T21:55:19-07:00,0,27
style.css,12,css,ad02a51a,Tristan Leo,2025-04-17,21:55:19,-07:00,2025-04-17T21:55:19-07:00,0,19
style.css,13,css,ad02a51a,Tristan Leo,2025-04-17,21:55:19,-07:00,2025-04-17T21:55:19-07:00,0,0
style.css,14,css,ad02a51a,Tristan Leo,2025-04-17,21:55:19,-07:00,2025-04-17T21:55:19-07:00,0,0
style.css,15,css,ad02a51a,Tristan Leo,2025-04-17,21:55:19,-07:00,2025-04-17T21:55:19-07:00,0,26
style.css,16,css,ad02a51a,Tristan Leo,2025-04-17,21:55:19,-07:00,2025-04-17T21:55:19-07:00,0,18
style.css,17,css,ad02a51a,Tristan Leo,2025-04-17,21:55:19,-07:00,2025-04-17T21:55:19-07:00,0,0
style.css,18,css,ad02a51a,Tristan Leo,2025-04-17,21:55:19,-07:00,2025-04-17T21:55:19-07:00,0,0
style.css,19,css,ad02a51a,Tristan Leo,2025-04-17,21:55:19,-07:00,2025-04-17T21:55:19-07:00,0,25
style.css,20,css,ad02a51a,Tristan Leo,2025-04-17,21:55:19,-07:00,2025-04-17T21:55:19-07:00,0,24
style.css,21,css,c61046db,Tristan Leo,2025-04-09,10:13:33,-07:00,2025-04-09T10:13:33-07:00,0,0
style.css,22,css,c61046db,Tristan Leo,2025-04-09,10:13:33,-07:00,2025-04-09T10:13:33-07:00,0,0
style.css,23,css,33fa1fc2,Tristan Leo,2025-04-04,16:01:45,-07:00,2025-04-04T16:01:45-07:00,0,5
style.css,24,css,33fa1fc2,Tristan Leo,2025-04-04,16:01:45,-07:00,2025-04-04T16:01:45-07:00,0,24
style.css,25,css,c61046db,Tristan Leo,2025-04-09,10:13:33,-07:00,2025-04-09T10:13:33-07:00,0,0
style.css,26,css,c61046db,Tristan Leo,2025-04-09,10:13:33,-07:00,2025-04-09T10:13:33-07:00,0,16
style.css,27,css,c61046db,Tristan Leo,2025-04-09,10:13:33,-07:00,2025-04-09T10:13:33-07:00,0,43
style.css,28,css,c61046db,Tristan Leo,2025-04-09,10:13:33,-07:00,2025-04-09T10:13:33-07:00,0,0
style.css,29,css,c61046db,Tristan Leo,2025-04-09,10:13:33,-07:00,2025-04-09T10:13:33-07:00,0,4
style.css,30,css,c61046db,Tristan Leo,2025-04-09,10:13:33,-07:00,2025-04-09T10:13:33-07:00,0,13
style.css,31,css,c61046db,Tristan Leo,2025-04-09,10:13:33,-07:00,2025-04-09T10:13:33-07:00,0,19
style.css,32,css,ad02a51a,Tristan Leo,2025-04-17,21:55:19,-07:00,2025-04-17T21:55:19-07:00,0,0
style.css,33,css,ad02a51a,Tristan Leo,2025-04-17,21:55:19,-07:00,2025-04-17T21:55:19-07:00,0,40
style.css,34,css,ad02a51a,Tristan Leo,2025-04-17,21:55:19,-07:00,2025-04-17T21:55:19-07:00,0,44
style.css,35,css,c61046db,Tristan Leo,2025-04-09,10:13:33,-07:00,2025-04-09T10:13:33-07:00,0,0
style.css,36,css,c61046db,Tristan Leo,2025-04-09,10:13:33,-07:00,2025-04-09T10:13:33-07:00,0,2
style.css,37,css,c61046db,Tristan Leo,2025-04-09,10:13:33,-07:00,2025-04-09T10:13:33-07:00,0,7
style.css,38,css,c61046db,Tristan Leo,2025-04-09,10:13:33,-07:00,2025-04-09T10:13:33-07:00,0,21
style.css,39,css,c61046db,Tristan Leo,2025-04-09,10:13:33,-07:00,2025-04-09T10:13:33-07:00,0,14
style.css,40,css,c61046db,Tristan Leo,2025-04-09,10:13:33,-07:00,2025-04-09T10:13:33-07:00,0,18
style.css,41,css,c61046db,Tristan Leo,2025-04-09,10:13:33,-07:00,2025-04-09T10:13:33-07:00,0,14
style.css,42,css,c61046db,Tristan Leo,2025-04-09,10:13:33,-07:00,2025-04-09T10:13:33-07:00,0,0
style.css,43,css,c61046db,Tristan Leo,2025-04-09,10:13:33,-07:00,2025-04-09T10:13:33-07:00,0,0
style.css,44,css,c61046db,Tristan Leo,2025-04-09,10:13:33,-07:00,2025-04-09T10:13:33-07:00,0,9
style.css,45,css,c61046db,Tristan Leo,2025-04-09,10:13:33,-07:00,2025-04-09T10:13:33-07:00,0,26
style.css,46,css,c61046db,Tristan Leo,2025-04-09,10:13:33,-07:00,2025-04-09T10:13:33-07:00,0,26
style.css,47,css,c61046db,Tristan Leo,2025-04-09,10:13:33,-07:00,2025-04-09T10:13:33-07:00,0,38
style.css,48,css,c61046db,Tristan Leo,2025-04-09,10:13:33,-07:00,2025-04-09T10:13:33-07:00,0,21
style.css,49,css,c61046db,Tristan Leo,2025-04-09,10:13:33,-07:00,2025-04-09T10:13:33-07:00,0,0
style.css,50,css,c61046db,Tristan Leo,2025-04-09,10:13:33,-07:00,2025-04-09T10:13:33-07:00,0,0
style.css,51,css,c61046db,Tristan Leo,2025-04-09,10:13:33,-07:00,2025-04-09T10:13:33-07:00,0,8
style.css,52,css,c61046db,Tristan Leo,2025-04-09,10:13:33,-07:00,2025-04-09T10:13:33-07:00,0,26
style.css,53,css,c61046db,Tristan Leo,2025-04-09,10:13:33,-07:00,2025-04-09T10:13:33-07:00,0,26
style.css,54,css,c61046db,Tristan Leo,2025-04-09,10:13:33,-07:00,2025-04-09T10:13:33-07:00,0,40
style.css,55,css,ad02a51a,Tristan Leo,2025-04-17,21:55:19,-07:00,2025-04-17T21:55:19-07:00,0,70
style.css,56,css,c61046db,Tristan Leo,2025-04-09,10:13:33,-07:00,2025-04-09T10:13:33-07:00,0,0
style.css,57,css,c61046db,Tristan Leo,2025-04-09,10:13:33,-07:00,2025-04-09T10:13:33-07:00,0,0
style.css,58,css,c61046db,Tristan Leo,2025-04-09,10:13:33,-07:00,2025-04-09T10:13:33-07:00,0,0
style.css,59,css,ad02a51a,Tristan Leo,2025-04-17,21:55:19,-07:00,2025-04-17T21:55:19-07:00,0,5
style.css,60,css,ad02a51a,Tristan Leo,2025-04-17,21:55:19,-07:00,2025-04-17T21:55:19-07:00,0,18
style.css,61,css,ad02a51a,Tristan Leo,2025-04-17,21:55:19,-07:00,2025-04-17T21:55:19-07:00,0,0
style.css,62,css,ad02a51a,Tristan Leo,2025-04-17,21:55:19,-07:00,2025-04-17T21:55:19-07:00,0,0
style.css,63,css,ad02a51a,Tristan Leo,2025-04-17,21:55:19,-07:00,2025-04-17T21:55:19-07:00,0,14
style.css,64,css,ad02a51a,Tristan Leo,2025-04-17,21:55:19,-07:00,2025-04-17T21:55:19-07:00,0,18
style.css,65,css,ad02a51a,Tristan Leo,2025-04-17,21:55:19,-07:00,2025-04-17T21:55:19-07:00,0,9
style.css,66,css,ad02a51a,Tristan Leo,2025-04-17,21:55:19,-07:00,2025-04-17T21:55:19-07:00,0,11
style.css,67,css,ad02a51a,Tristan Leo,2025-04-17,21:55:19,-07:00,2025-04-17T21:55:19-07:00,0,16
style.css,68,css,ad02a51a,Tristan Leo,2025-04-17,21:55:19,-07:00,2025-04-17T21:55:19-07:00,0,13
style.css,69,css,ad02a51a,Tristan Leo,2025-04-17,21:55:19,-07:00,2025-04-17T21:55:19-07:00,0,19
style.css,70,css,ad02a51a,Tristan Leo,2025-04-17,21:55:19,-07:00,2025-04-17T21:55:19-07:00,0,11
style.css,71,css,ad02a51a,Tristan Leo,2025-04-17,21:55:19,-07:00,2025-04-17T21:55:19-07:00,0,0
style.css,72,css,ad02a51a,Tristan Leo,2025-04-17,21:55:19,-07:00,2025-04-17T21:55:19-07:00,0,0
style.css,73,css,ad02a51a,Tristan Leo,2025-04-17,21:55:19,-07:00,2025-04-17T21:55:19-07:00,0,21
style.css,74,css,ad02a51a,Tristan Leo,2025-04-17,21:55:19,-07:00,2025-04-17T21:55:19-07:00,0,13
style.css,75,css,ad02a51a,Tristan Leo,2025-04-17,21:55:19,-07:00,2025-04-17T21:55:19-07:00,0,20
style.css,76,css,ad02a51a,Tristan Leo,2025-04-17,21:55:19,-07:00,2025-04-17T21:55:19-07:00,0,0
style.css,77,css,ad02a51a,Tristan Leo,2025-04-17,21:55:19,-07:00,2025-04-17T21:55:19-07:00,0,0
style.css,78,css,c61046db,Tristan Leo,2025-04-09,10:13:33,-07:00,2025-04-09T10:13:33-07:00,0,31
style.css,79,css,c61046db,Tristan Leo,2025-04-09,10:13:33,-07:00,2025-04-09T10:13:33-07:00,0,13
style.css,80,css,c61046db,Tristan Leo,2025-04-09,10:13:33,-07:00,2025-04-09T10:13:33-07:00,0,0
style.css,81,css,c61046db,Tristan Leo,2025-04-09,10:13:33,-07:00,2025-04-09T10:13:33-07:00,0,0
style.css,82,css,c61046db,Tristan Leo,2025-04-09,10:13:33,-07:00,2025-04-09T10:13:33-07:00,0,5
style.css,83,css,c61046db,Tristan Leo,2025-04-09,10:13:33,-07:00,2025-04-09T10:13:33-07:00,0,13
style.css,84,css,c61046db,Tristan Leo,2025-04-09,10:13:33,-07:00,2025-04-09T10:13:33-07:00,0,31
style.css,85,css,c61046db,Tristan Leo,2025-04-09,10:13:33,-07:00,2025-04-09T10:13:33-07:00,0,8
style.css,86,css,c61046db,Tristan Leo,2025-04-09,10:13:33,-07:00,2025-04-09T10:13:33-07:00,0,0
style.css,87,css,c61046db,Tristan Leo,2025-04-09,10:13:33,-07:00,2025-04-09T10:13:33-07:00,0,0
style.css,88,css,c61046db,Tristan Leo,2025-04-09,10:13:33,-07:00,2025-04-09T10:13:33-07:00,0,6
style.css,89,css,c61046db,Tristan Leo,2025-04-09,10:13:33,-07:00,2025-04-09T10:13:33-07:00,0,13
style.css,90,css,c61046db,Tristan Leo,2025-04-09,10:13:33,-07:00,2025-04-09T10:13:33-07:00,0,30
style.css,91,css,c61046db,Tristan Leo,2025-04-09,10:13:33,-07:00,2025-04-09T10:13:33-07:00,0,19
style.css,92,css,c61046db,Tristan Leo,2025-04-09,10:13:33,-07:00,2025-04-09T10:13:33-07:00,0,0
style.css,93,css,c61046db,Tristan Leo,2025-04-09,10:13:33,-07:00,2025-04-09T10:13:33-07:00,0,0
style.css,94,css,c61046db,Tristan Leo,2025-04-09,10:13:33,-07:00,2025-04-09T10:13:33-07:00,0,7
style.css,95,css,c61046db,Tristan Leo,2025-04-09,10:13:33,-07:00,2025-04-09T10:13:33-07:00,0,19
style.css,96,css,c61046db,Tristan Leo,2025-04-09,10:13:33,-07:00,2025-04-09T10:13:33-07:00,0,11
style.css,97,css,c61046db,Tristan Leo,2025-04-09,10:13:33,-07:00,2025-04-09T10:13:33-07:00,0,0
style.css,98,css,c61046db,Tristan Leo,2025-04-09,10:13:33,-07:00,2025-04-09T10:13:33-07:00,0,0
style.css,99,css,c61046db,Tristan Leo,2025-04-09,10:13:33,-07:00,2025-04-09T10:13:33-07:00,0,10
style.css,100,css,c61046db,Tristan Leo,2025-04-09,10:13:33,-07:00,2025-04-09T10:13:33-07:00,0,13
style.css,101,css,c61046db,Tristan Leo,2025-04-09,10:13:33,-07:00,2025-04-09T10:13:33-07:00,0,59
style.css,102,css,c61046db,Tristan Leo,2025-04-09,10:13:33,-07:00,2025-04-09T10:13:33-07:00,0,8
style.css,103,css,c61046db,Tristan Leo,2025-04-09,10:13:33,-07:00,2025-04-09T10:13:33-07:00,0,0
style.css,104,css,c61046db,Tristan Leo,2025-04-09,10:13:33,-07:00,2025-04-09T10:13:33-07:00,0,0
style.css,105,css,c61046db,Tristan Leo,2025-04-09,10:13:33,-07:00,2025-04-09T10:13:33-07:00,0,8
style.css,106,css,c61046db,Tristan Leo,2025-04-09,10:13:33,-07:00,2025-04-09T10:13:33-07:00,0,13
style.css,107,css,c61046db,Tristan Leo,2025-04-09,10:13:33,-07:00,2025-04-09T10:13:33-07:00,0,27
style.css,108,css,c61046db,Tristan Leo,2025-04-09,10:13:33,-07:00,2025-04-09T10:13:33-07:00,0,16
style.css,109,css,c61046db,Tristan Leo,2025-04-09,10:13:33,-07:00,2025-04-09T10:13:33-07:00,0,8
style.css,110,css,c61046db,Tristan Leo,2025-04-09,10:13:33,-07:00,2025-04-09T10:13:33-07:00,0,0
style.css,111,css,c61046db,Tristan Leo,2025-04-09,10:13:33,-07:00,2025-04-09T10:13:33-07:00,0,0
style.css,112,css,c61046db,Tristan Leo,2025-04-09,10:13:33,-07:00,2025-04-09T10:13:33-07:00,0,11
style.css,113,css,c61046db,Tristan Leo,2025-04-09,10:13:33,-07:00,2025-04-09T10:13:33-07:00,0,9
style.css,114,css,c61046db,Tristan Leo,2025-04-09,10:13:33,-07:00,2025-04-09T10:13:33-07:00,0,0
style.css,115,css,c61046db,Tristan Leo,2025-04-09,10:13:33,-07:00,2025-04-09T10:13:33-07:00,0,0
style.css,116,css,c61046db,Tristan Leo,2025-04-09,10:13:33,-07:00,2025-04-09T10:13:33-07:00,0,3
style.css,117,css,c61046db,Tristan Leo,2025-04-09,10:13:33,-07:00,2025-04-09T10:13:33-07:00,0,15
style.css,118,css,c61046db,Tristan Leo,2025-04-09,10:13:33,-07:00,2025-04-09T10:13:33-07:00,0,0
style.css,119,css,c61046db,Tristan Leo,2025-04-09,10:13:33,-07:00,2025-04-09T10:13:33-07:00,0,0
style.css,120,css,c61046db,Tristan Leo,2025-04-09,10:13:33,-07:00,2025-04-09T10:13:33-07:00,0,23
style.css,121,css,c61046db,Tristan Leo,2025-04-09,10:13:33,-07:00,2025-04-09T10:13:33-07:00,0,16
style.css,122,css,c61046db,Tristan Leo,2025-04-09,10:13:33,-07:00,2025-04-09T10:13:33-07:00,0,18
style.css,123,css,c61046db,Tristan Leo,2025-04-09,10:13:33,-07:00,2025-04-09T10:13:33-07:00,0,0
style.css,124,css,c61046db,Tristan Leo,2025-04-09,10:13:33,-07:00,2025-04-09T10:13:33-07:00,0,0
style.css,125,css,c61046db,Tristan Leo,2025-04-09,10:13:33,-07:00,2025-04-09T10:13:33-07:00,0,6
style.css,126,css,8b2d2255,Tristan Leo,2025-04-13,16:11:13,-07:00,2025-04-13T16:11:13-07:00,0,23
style.css,127,css,c61046db,Tristan Leo,2025-04-09,10:13:33,-07:00,2025-04-09T10:13:33-07:00,0,0
style.css,128,css,c61046db,Tristan Leo,2025-04-09,10:13:33,-07:00,2025-04-09T10:13:33-07:00,0,0
style.css,129,css,c61046db,Tristan Leo,2025-04-09,10:13:33,-07:00,2025-04-09T10:13:33-07:00,0,5
style.css,130,css,c61046db,Tristan Leo,2025-04-09,10:13:33,-07:00,2025-04-09T10:13:33-07:00,0,34
style.css,131,css,c61046db,Tristan Leo,2025-04-09,10:13:33,-07:00,2025-04-09T10:13:33-07:00,0,11
style.css,132,css,c61046db,Tristan Leo,2025-04-09,10:13:33,-07:00,2025-04-09T10:13:33-07:00,0,16
style.css,133,css,8b2d2255,Tristan Leo,2025-04-13,16:11:13,-07:00,2025-04-13T16:11:13-07:00,0,16
style.css,134,css,8b2d2255,Tristan Leo,2025-04-13,16:11:13,-07:00,2025-04-13T16:11:13-07:00,0,19
style.css,135,css,8b2d2255,Tristan Leo,2025-04-13,16:11:13,-07:00,2025-04-13T16:11:13-07:00,0,13
style.css,136,css,8b2d2255,Tristan Leo,2025-04-13,16:11:13,-07:00,2025-04-13T16:11:13-07:00,0,22
style.css,137,css,c61046db,Tristan Leo,2025-04-09,10:13:33,-07:00,2025-04-09T10:13:33-07:00,0,0
style.css,138,css,c61046db,Tristan Leo,2025-04-09,10:13:33,-07:00,2025-04-09T10:13:33-07:00,0,0
style.css,139,css,8b2d2255,Tristan Leo,2025-04-13,16:11:13,-07:00,2025-04-13T16:11:13-07:00,0,0
style.css,140,css,c61046db,Tristan Leo,2025-04-09,10:13:33,-07:00,2025-04-09T10:13:33-07:00,0,7
style.css,141,css,c61046db,Tristan Leo,2025-04-09,10:13:33,-07:00,2025-04-09T10:13:33-07:00,0,29
style.css,142,css,c61046db,Tristan Leo,2025-04-09,10:13:33,-07:00,2025-04-09T10:13:33-07:00,0,19
style.css,143,css,c61046db,Tristan Leo,2025-04-09,10:13:33,-07:00,2025-04-09T10:13:33-07:00,0,20
style.css,144,css,c61046db,Tristan Leo,2025-04-09,10:13:33,-07:00,2025-04-09T10:13:33-07:00,0,0
style.css,145,css,c61046db,Tristan Leo,2025-04-09,10:13:33,-07:00,2025-04-09T10:13:33-07:00,0,0
style.css,146,css,c61046db,Tristan Leo,2025-04-09,10:13:33,-07:00,2025-04-09T10:13:33-07:00,0,10
style.css,147,css,c61046db,Tristan Leo,2025-04-09,10:13:33,-07:00,2025-04-09T10:13:33-07:00,0,17
style.css,148,css,c61046db,Tristan Leo,2025-04-09,10:13:33,-07:00,2025-04-09T10:13:33-07:00,0,21
style.css,149,css,c61046db,Tristan Leo,2025-04-09,10:13:33,-07:00,2025-04-09T10:13:33-07:00,0,0
style.css,150,css,c61046db,Tristan Leo,2025-04-09,10:13:33,-07:00,2025-04-09T10:13:33-07:00,0,0
style.css,151,css,c61046db,Tristan Leo,2025-04-09,10:13:33,-07:00,2025-04-09T10:13:33-07:00,0,16
style.css,152,css,c61046db,Tristan Leo,2025-04-09,10:13:33,-07:00,2025-04-09T10:13:33-07:00,0,16
style.css,153,css,c61046db,Tristan Leo,2025-04-09,10:13:33,-07:00,2025-04-09T10:13:33-07:00,0,16
style.css,154,css,c61046db,Tristan Leo,2025-04-09,10:13:33,-07:00,2025-04-09T10:13:33-07:00,0,11
style.css,155,css,c61046db,Tristan Leo,2025-04-09,10:13:33,-07:00,2025-04-09T10:13:33-07:00,0,0
style.css,156,css,c61046db,Tristan Leo,2025-04-09,10:13:33,-07:00,2025-04-09T10:13:33-07:00,0,0
style.css,157,css,c61046db,Tristan Leo,2025-04-09,10:13:33,-07:00,2025-04-09T10:13:33-07:00,0,6
style.css,158,css,c61046db,Tristan Leo,2025-04-09,10:13:33,-07:00,2025-04-09T10:13:33-07:00,0,21
style.css,159,css,c61046db,Tristan Leo,2025-04-09,10:13:33,-07:00,2025-04-09T10:13:33-07:00,0,14
style.css,160,css,c61046db,Tristan Leo,2025-04-09,10:13:33,-07:00,2025-04-09T10:13:33-07:00,0,15
style.css,161,css,c61046db,Tristan Leo,2025-04-09,10:13:33,-07:00,2025-04-09T10:13:33-07:00,0,0
style.css,162,css,c61046db,Tristan Leo,2025-04-09,10:13:33,-07:00,2025-04-09T10:13:33-07:00,0,0
style.css,163,css,c61046db,Tristan Leo,2025-04-09,10:13:33,-07:00,2025-04-09T10:13:33-07:00,0,12
style.css,164,css,c61046db,Tristan Leo,2025-04-09,10:13:33,-07:00,2025-04-09T10:13:33-07:00,0,26
style.css,165,css,c61046db,Tristan Leo,2025-04-09,10:13:33,-07:00,2025-04-09T10:13:33-07:00,0,0
style.css,166,css,c61046db,Tristan Leo,2025-04-09,10:13:33,-07:00,2025-04-09T10:13:33-07:00,0,0
style.css,167,css,c61046db,Tristan Leo,2025-04-09,10:13:33,-07:00,2025-04-09T10:13:33-07:00,0,9
style.css,168,css,8b2d2255,Tristan Leo,2025-04-13,16:11:13,-07:00,2025-04-13T16:11:13-07:00,0,19
style.css,169,css,c61046db,Tristan Leo,2025-04-09,10:13:33,-07:00,2025-04-09T10:13:33-07:00,0,0
style.css,170,css,c61046db,Tristan Leo,2025-04-09,10:13:33,-07:00,2025-04-09T10:13:33-07:00,0,0
style.css,171,css,8b2d2255,Tristan Leo,2025-04-13,16:11:13,-07:00,2025-04-13T16:11:13-07:00,0,20
style.css,172,css,c61046db,Tristan Leo,2025-04-09,10:13:33,-07:00,2025-04-09T10:13:33-07:00,0,12
style.css,173,css,8b2d2255,Tristan Leo,2025-04-13,16:11:13,-07:00,2025-04-13T16:11:13-07:00,0,14
style.css,174,css,c61046db,Tristan Leo,2025-04-09,10:13:33,-07:00,2025-04-09T10:13:33-07:00,0,17
style.css,175,css,c61046db,Tristan Leo,2025-04-09,10:13:33,-07:00,2025-04-09T10:13:33-07:00,0,21
style.css,176,css,c61046db,Tristan Leo,2025-04-09,10:13:33,-07:00,2025-04-09T10:13:33-07:00,0,25
style.css,177,css,c61046db,Tristan Leo,2025-04-09,10:13:33,-07:00,2025-04-09T10:13:33-07:00,0,0
style.css,178,css,c61046db,Tristan Leo,2025-04-09,10:13:33,-07:00,2025-04-09T10:13:33-07:00,0,0
style.css,179,css,8b2d2255,Tristan Leo,2025-04-13,16:11:13,-07:00,2025-04-13T16:11:13-07:00,0,19
style.css,180,css,c61046db,Tristan Leo,2025-04-09,10:13:33,-07:00,2025-04-09T10:13:33-07:00,0,12
style.css,181,css,c61046db,Tristan Leo,2025-04-09,10:13:33,-07:00,2025-04-09T10:13:33-07:00,0,17
style.css,182,css,8b2d2255,Tristan Leo,2025-04-13,16:11:13,-07:00,2025-04-13T16:11:13-07:00,0,21
style.css,183,css,c61046db,Tristan Leo,2025-04-09,10:13:33,-07:00,2025-04-09T10:13:33-07:00,0,17
style.css,184,css,c61046db,Tristan Leo,2025-04-09,10:13:33,-07:00,2025-04-09T10:13:33-07:00,0,0
style.css,185,css,c61046db,Tristan Leo,2025-04-09,10:13:33,-07:00,2025-04-09T10:13:33-07:00,0,0
style.css,186,css,c61046db,Tristan Leo,2025-04-09,10:13:33,-07:00,2025-04-09T10:13:33-07:00,0,16
style.css,187,css,c61046db,Tristan Leo,2025-04-09,10:13:33,-07:00,2025-04-09T10:13:33-07:00,0,13
style.css,188,css,c61046db,Tristan Leo,2025-04-09,10:13:33,-07:00,2025-04-09T10:13:33-07:00,0,21
style.css,189,css,c61046db,Tristan Leo,2025-04-09,10:13:33,-07:00,2025-04-09T10:13:33-07:00,0,11
style.css,190,css,c61046db,Tristan Leo,2025-04-09,10:13:33,-07:00,2025-04-09T10:13:33-07:00,0,15
style.css,191,css,8b2d2255,Tristan Leo,2025-04-13,16:11:13,-07:00,2025-04-13T16:11:13-07:00,0,18
style.css,192,css,c61046db,Tristan Leo,2025-04-09,10:13:33,-07:00,2025-04-09T10:13:33-07:00,0,0
style.css,193,css,c61046db,Tristan Leo,2025-04-09,10:13:33,-07:00,2025-04-09T10:13:33-07:00,0,0
style.css,194,css,c61046db,Tristan Leo,2025-04-09,10:13:33,-07:00,2025-04-09T10:13:33-07:00,0,20
style.css,195,css,c61046db,Tristan Leo,2025-04-09,10:13:33,-07:00,2025-04-09T10:13:33-07:00,0,13
style.css,196,css,c61046db,Tristan Leo,2025-04-09,10:13:33,-07:00,2025-04-09T10:13:33-07:00,0,21
style.css,197,css,c61046db,Tristan Leo,2025-04-09,10:13:33,-07:00,2025-04-09T10:13:33-07:00,0,17
style.css,198,css,c61046db,Tristan Leo,2025-04-09,10:13:33,-07:00,2025-04-09T10:13:33-07:00,0,15
style.css,199,css,c61046db,Tristan Leo,2025-04-09,10:13:33,-07:00,2025-04-09T10:13:33-07:00,0,0
style.css,200,css,c61046db,Tristan Leo,2025-04-09,10:13:33,-07:00,2025-04-09T10:13:33-07:00,0,0
style.css,201,css,c61046db,Tristan Leo,2025-04-09,10:13:33,-07:00,2025-04-09T10:13:33-07:00,0,12
style.css,202,css,8b2d2255,Tristan Leo,2025-04-13,16:11:13,-07:00,2025-04-13T16:11:13-07:00,0,20
style.css,203,css,8b2d2255,Tristan Leo,2025-04-13,16:11:13,-07:00,2025-04-13T16:11:13-07:00,0,9
style.css,204,css,c61046db,Tristan Leo,2025-04-09,10:13:33,-07:00,2025-04-09T10:13:33-07:00,0,19
style.css,205,css,c61046db,Tristan Leo,2025-04-09,10:13:33,-07:00,2025-04-09T10:13:33-07:00,0,0
style.css,206,css,c61046db,Tristan Leo,2025-04-09,10:13:33,-07:00,2025-04-09T10:13:33-07:00,0,0
style.css,207,css,c61046db,Tristan Leo,2025-04-09,10:13:33,-07:00,2025-04-09T10:13:33-07:00,0,12
style.css,208,css,8b2d2255,Tristan Leo,2025-04-13,16:11:13,-07:00,2025-04-13T16:11:13-07:00,0,21
style.css,209,css,c61046db,Tristan Leo,2025-04-09,10:13:33,-07:00,2025-04-09T10:13:33-07:00,0,0
style.css,210,css,c61046db,Tristan Leo,2025-04-09,10:13:33,-07:00,2025-04-09T10:13:33-07:00,0,0
style.css,211,css,c61046db,Tristan Leo,2025-04-09,10:13:33,-07:00,2025-04-09T10:13:33-07:00,0,3
style.css,212,css,c61046db,Tristan Leo,2025-04-09,10:13:33,-07:00,2025-04-09T10:13:33-07:00,0,12
style.css,213,css,c61046db,Tristan Leo,2025-04-09,10:13:33,-07:00,2025-04-09T10:13:33-07:00,0,26
style.css,214,css,c61046db,Tristan Leo,2025-04-09,10:13:33,-07:00,2025-04-09T10:13:33-07:00,0,14
style.css,215,css,c61046db,Tristan Leo,2025-04-09,10:13:33,-07:00,2025-04-09T10:13:33-07:00,0,0
style.css,216,css,3f182036,Tristan Leo,2025-04-26,09:34:11,-07:00,2025-04-26T09:34:11-07:00,0,0
style.css,217,css,3f182036,Tristan Leo,2025-04-26,09:34:11,-07:00,2025-04-26T09:34:11-07:00,0,10
style.css,218,css,3f182036,Tristan Leo,2025-04-26,09:34:11,-07:00,2025-04-26T09:34:11-07:00,0,13
style.css,219,css,3f182036,Tristan Leo,2025-04-26,09:34:11,-07:00,2025-04-26T09:34:11-07:00,0,59
style.css,220,css,3f182036,Tristan Leo,2025-04-26,09:34:11,-07:00,2025-04-26T09:34:11-07:00,0,11
style.css,221,css,3f182036,Tristan Leo,2025-04-26,09:34:11,-07:00,2025-04-26T09:34:11-07:00,0,0
style.css,222,css,3f182036,Tristan Leo,2025-04-26,09:34:11,-07:00,2025-04-26T09:34:11-07:00,0,0
style.css,223,css,3f182036,Tristan Leo,2025-04-26,09:34:11,-07:00,2025-04-26T09:34:11-07:00,0,14
style.css,224,css,3f182036,Tristan Leo,2025-04-26,09:34:11,-07:00,2025-04-26T09:34:11-07:00,0,11
style.css,225,css,3f182036,Tristan Leo,2025-04-26,09:34:11,-07:00,2025-04-26T09:34:11-07:00,0,13
style.css,226,css,3f182036,Tristan Leo,2025-04-26,09:34:11,-07:00,2025-04-26T09:34:11-07:00,0,36
style.css,227,css,3f182036,Tristan Leo,2025-04-26,09:34:11,-07:00,2025-04-26T09:34:11-07:00,0,18
style.css,228,css,3f182036,Tristan Leo,2025-04-26,09:34:11,-07:00,2025-04-26T09:34:11-07:00,0,22
style.css,229,css,3f182036,Tristan Leo,2025-04-26,09:34:11,-07:00,2025-04-26T09:34:11-07:00,0,22
style.css,230,css,3f182036,Tristan Leo,2025-04-26,09:34:11,-07:00,2025-04-26T09:34:11-07:00,0,0
style.css,231,css,3f182036,Tristan Leo,2025-04-26,09:34:11,-07:00,2025-04-26T09:34:11-07:00,0,0
style.css,232,css,3f182036,Tristan Leo,2025-04-26,09:34:11,-07:00,2025-04-26T09:34:11-07:00,0,15
style.css,233,css,3f182036,Tristan Leo,2025-04-26,09:34:11,-07:00,2025-04-26T09:34:11-07:00,0,11
style.css,234,css,3f182036,Tristan Leo,2025-04-26,09:34:11,-07:00,2025-04-26T09:34:11-07:00,0,12
style.css,235,css,3f182036,Tristan Leo,2025-04-26,09:34:11,-07:00,2025-04-26T09:34:11-07:00,0,14
style.css,236,css,3f182036,Tristan Leo,2025-04-26,09:34:11,-07:00,2025-04-26T09:34:11-07:00,0,19
style.css,237,css,3f182036,Tristan Leo,2025-04-26,09:34:11,-07:00,2025-04-26T09:34:11-07:00,0,18
style.css,238,css,3f182036,Tristan Leo,2025-04-26,09:34:11,-07:00,2025-04-26T09:34:11-07:00,0,0
style.css,239,css,204d42a1,Tristan Leo,2025-05-02,23:57:11,-07:00,2025-05-02T23:57:11-07:00,0,14
style.css,240,css,204d42a1,Tristan Leo,2025-05-02,23:57:11,-07:00,2025-05-02T23:57:11-07:00,0,35
style.css,241,css,204d42a1,Tristan Leo,2025-05-02,23:57:11,-07:00,2025-05-02T23:57:11-07:00,0,11
style.css,242,css,204d42a1,Tristan Leo,2025-05-02,23:57:11,-07:00,2025-05-02T23:57:11-07:00,0,17
style.css,243,css,204d42a1,Tristan Leo,2025-05-02,23:57:11,-07:00,2025-05-02T23:57:11-07:00,0,16
style.css,244,css,204d42a1,Tristan Leo,2025-05-02,23:57:11,-07:00,2025-05-02T23:57:11-07:00,0,0
style.css,245,css,204d42a1,Tristan Leo,2025-05-02,23:57:11,-07:00,2025-05-02T23:57:11-07:00,0,0
style.css,246,css,204d42a1,Tristan Leo,2025-05-02,23:57:11,-07:00,2025-05-02T23:57:11-07:00,0,15
style.css,247,css,204d42a1,Tristan Leo,2025-05-02,23:57:11,-07:00,2025-05-02T23:57:11-07:00,0,15
style.css,248,css,204d42a1,Tristan Leo,2025-05-02,23:57:11,-07:00,2025-05-02T23:57:11-07:00,0,17
style.css,249,css,204d42a1,Tristan Leo,2025-05-02,23:57:11,-07:00,2025-05-02T23:57:11-07:00,0,17
style.css,250,css,204d42a1,Tristan Leo,2025-05-02,23:57:11,-07:00,2025-05-02T23:57:11-07:00,0,0
style.css,251,css,204d42a1,Tristan Leo,2025-05-02,23:57:11,-07:00,2025-05-02T23:57:11-07:00,0,0
style.css,252,css,204d42a1,Tristan Leo,2025-05-02,23:57:11,-07:00,2025-05-02T23:57:11-07:00,0,16
style.css,253,css,204d42a1,Tristan Leo,2025-05-02,23:57:11,-07:00,2025-05-02T23:57:11-07:00,0,21
style.css,254,css,204d42a1,Tristan Leo,2025-05-02,23:57:11,-07:00,2025-05-02T23:57:11-07:00,0,10
style.css,255,css,204d42a1,Tristan Leo,2025-05-02,23:57:11,-07:00,2025-05-02T23:57:11-07:00,0,11
style.css,256,css,204d42a1,Tristan Leo,2025-05-02,23:57:11,-07:00,2025-05-02T23:57:11-07:00,0,30
style.css,257,css,204d42a1,Tristan Leo,2025-05-02,23:57:11,-07:00,2025-05-02T23:57:11-07:00,0,0
style.css,258,css,204d42a1,Tristan Leo,2025-05-02,23:57:11,-07:00,2025-05-02T23:57:11-07:00,0,0
style.css,259,css,204d42a1,Tristan Leo,2025-05-02,23:57:11,-07:00,2025-05-02T23:57:11-07:00,0,13
style.css,260,css,204d42a1,Tristan Leo,2025-05-02,23:57:11,-07:00,2025-05-02T23:57:11-07:00,0,13
style.css,261,css,204d42a1,Tristan Leo,2025-05-02,23:57:11,-07:00,2025-05-02T23:57:11-07:00,0,19
style.css,262,css,204d42a1,Tristan Leo,2025-05-02,23:57:11,-07:00,2025-05-02T23:57:11-07:00,0,10
style.css,263,css,204d42a1,Tristan Leo,2025-05-02,23:57:11,-07:00,2025-05-02T23:57:11-07:00,0,0
style.css,264,css,204d42a1,Tristan Leo,2025-05-02,23:57:11,-07:00,2025-05-02T23:57:11-07:00,0,0
style.css,265,css,204d42a1,Tristan Leo,2025-05-02,23:57:11,-07:00,2025-05-02T23:57:11-07:00,0,11
style.css,266,css,204d42a1,Tristan Leo,2025-05-02,23:57:11,-07:00,2025-05-02T23:57:11-07:00,0,13
style.css,267,css,204d42a1,Tristan Leo,2025-05-02,23:57:11,-07:00,2025-05-02T23:57:11-07:00,0,19
style.css,268,css,204d42a1,Tristan Leo,2025-05-02,23:57:11,-07:00,2025-05-02T23:57:11-07:00,0,10
style.css,269,css,204d42a1,Tristan Leo,2025-05-02,23:57:11,-07:00,2025-05-02T23:57:11-07:00,0,15
style.css,270,css,204d42a1,Tristan Leo,2025-05-02,23:57:11,-07:00,2025-05-02T23:57:11-07:00,0,23
style.css,271,css,204d42a1,Tristan Leo,2025-05-02,23:57:11,-07:00,2025-05-02T23:57:11-07:00,0,0
style.css,272,css,204d42a1,Tristan Leo,2025-05-02,23:57:11,-07:00,2025-05-02T23:57:11-07:00,0,0
style.css,273,css,204d42a1,Tristan Leo,2025-05-02,23:57:11,-07:00,2025-05-02T23:57:11-07:00,0,8
style.css,274,css,204d42a1,Tristan Leo,2025-05-02,23:57:11,-07:00,2025-05-02T23:57:11-07:00,0,7
style.css,275,css,204d42a1,Tristan Leo,2025-05-02,23:57:11,-07:00,2025-05-02T23:57:11-07:00,0,13
style.css,276,css,204d42a1,Tristan Leo,2025-05-02,23:57:11,-07:00,2025-05-02T23:57:11-07:00,0,58
style.css,277,css,204d42a1,Tristan Leo,2025-05-02,23:57:11,-07:00,2025-05-02T23:57:11-07:00,0,11
style.css,278,css,204d42a1,Tristan Leo,2025-05-02,23:57:11,-07:00,2025-05-02T23:57:11-07:00,0,12
style.css,279,css,204d42a1,Tristan Leo,2025-05-02,23:57:11,-07:00,2025-05-02T23:57:11-07:00,0,15
style.css,280,css,204d42a1,Tristan Leo,2025-05-02,23:57:11,-07:00,2025-05-02T23:57:11-07:00,0,22
style.css,281,css,204d42a1,Tristan Leo,2025-05-02,23:57:11,-07:00,2025-05-02T23:57:11-07:00,0,0
style.css,282,css,204d42a1,Tristan Leo,2025-05-02,23:57:11,-07:00,2025-05-02T23:57:11-07:00,0,0
style.css,283,css,204d42a1,Tristan Leo,2025-05-02,23:57:11,-07:00,2025-05-02T23:57:11-07:00,0,18
style.css,284,css,204d42a1,Tristan Leo,2025-05-02,23:57:11,-07:00,2025-05-02T23:57:11-07:00,0,17
style.css,285,css,204d42a1,Tristan Leo,2025-05-02,23:57:11,-07:00,2025-05-02T23:57:11-07:00,0,12
style.css,286,css,204d42a1,Tristan Leo,2025-05-02,23:57:11,-07:00,2025-05-02T23:57:11-07:00,0,0
style.css,287,css,204d42a1,Tristan Leo,2025-05-02,23:57:11,-07:00,2025-05-02T23:57:11-07:00,0,5
style.css,288,css,204d42a1,Tristan Leo,2025-05-02,23:57:11,-07:00,2025-05-02T23:57:11-07:00,0,17
style.css,289,css,204d42a1,Tristan Leo,2025-05-02,23:57:11,-07:00,2025-05-02T23:57:11-07:00,0,0
style.css,290,css,204d42a1,Tristan Leo,2025-05-02,23:57:11,-07:00,2025-05-02T23:57:11-07:00,0,0
style.css,291,css,204d42a1,Tristan Leo,2025-05-02,23:57:11,-07:00,2025-05-02T23:57:11-07:00,0,10
style.css,292,css,204d42a1,Tristan Leo,2025-05-02,23:57:11,-07:00,2025-05-02T23:57:11-07:00,0,36
style.css,293,css,204d42a1,Tristan Leo,2025-05-02,23:57:11,-07:00,2025-05-02T23:57:11-07:00,0,0
style.css,294,css,204d42a1,Tristan Leo,2025-05-02,23:57:11,-07:00,2025-05-02T23:57:11-07:00,0,11
style.css,295,css,204d42a1,Tristan Leo,2025-05-02,23:57:11,-07:00,2025-05-02T23:57:11-07:00,0,18
style.css,296,css,204d42a1,Tristan Leo,2025-05-02,23:57:11,-07:00,2025-05-02T23:57:11-07:00,0,0
style.css,297,css,204d42a1,Tristan Leo,2025-05-02,23:57:11,-07:00,2025-05-02T23:57:11-07:00,0,24
style.css,298,css,204d42a1,Tristan Leo,2025-05-02,23:57:11,-07:00,2025-05-02T23:57:11-07:00,0,0
style.css,299,css,204d42a1,Tristan Leo,2025-05-02,23:57:11,-07:00,2025-05-02T23:57:11-07:00,0,0
style.css,300,css,33fa1fc2,Tristan Leo,2025-04-04,16:01:45,-07:00,2025-04-04T16:01:45-07:00,0,0
index.js,1,js,3f182036,Tristan Leo,2025-04-26,09:34:11,-07:00,2025-04-26T09:34:11-07:00,0,72
index.js,2,js,3f182036,Tristan Leo,2025-04-26,09:34:11,-07:00,2025-04-26T09:34:11-07:00,0,0
index.js,3,js,3f182036,Tristan Leo,2025-04-26,09:34:11,-07:00,2025-04-26T09:34:11-07:00,0,64
index.js,4,js,3f182036,Tristan Leo,2025-04-26,09:34:11,-07:00,2025-04-26T09:34:11-07:00,0,43
index.js,5,js,3f182036,Tristan Leo,2025-04-26,09:34:11,-07:00,2025-04-26T09:34:11-07:00,0,0
index.js,6,js,3f182036,Tristan Leo,2025-04-26,09:34:11,-07:00,2025-04-26T09:34:11-07:00,0,61
index.js,7,js,3f182036,Tristan Leo,2025-04-26,09:34:11,-07:00,2025-04-26T09:34:11-07:00,0,0
index.js,8,js,3f182036,Tristan Leo,2025-04-26,09:34:11,-07:00,2025-04-26T09:34:11-07:00,0,55
index.js,9,js,3f182036,Tristan Leo,2025-04-26,09:34:11,-07:00,2025-04-26T09:34:11-07:00,0,0
index.js,10,js,3f182036,Tristan Leo,2025-04-26,09:34:11,-07:00,2025-04-26T09:34:11-07:00,0,53
index.js,11,js,3f182036,Tristan Leo,2025-04-26,09:34:11,-07:00,2025-04-26T09:34:11-07:00,0,0
index.js,12,js,3f182036,Tristan Leo,2025-04-26,09:34:11,-07:00,2025-04-26T09:34:11-07:00,0,61
index.js,13,js,3f182036,Tristan Leo,2025-04-26,09:34:11,-07:00,2025-04-26T09:34:11-07:00,0,0
index.js,14,js,3f182036,Tristan Leo,2025-04-26,09:34:11,-07:00,2025-04-26T09:34:11-07:00,0,18
index.js,15,js,3f182036,Tristan Leo,2025-04-26,09:34:11,-07:00,2025-04-26T09:34:11-07:00,0,25
index.js,16,js,3f182036,Tristan Leo,2025-04-26,09:34:11,-07:00,2025-04-26T09:34:11-07:00,0,3
index.js,17,js,3f182036,Tristan Leo,2025-04-26,09:34:11,-07:00,2025-04-26T09:34:11-07:00,0,56
index.js,18,js,3f182036,Tristan Leo,2025-04-26,09:34:11,-07:00,2025-04-26T09:34:11-07:00,0,56
index.js,19,js,3f182036,Tristan Leo,2025-04-26,09:34:11,-07:00,2025-04-26T09:34:11-07:00,0,50
index.js,20,js,3f182036,Tristan Leo,2025-04-26,09:34:11,-07:00,2025-04-26T09:34:11-07:00,0,50
index.js,21,js,3f182036,Tristan Leo,2025-04-26,09:34:11,-07:00,2025-04-26T09:34:11-07:00,0,4
index.js,22,js,3f182036,Tristan Leo,2025-04-26,09:34:11,-07:00,2025-04-26T09:34:11-07:00,0,1
index.js,23,js,3f182036,Tristan Leo,2025-04-26,09:34:11,-07:00,2025-04-26T09:34:11-07:00,0,0
index.html,1,html,0e248ca4,Tristan Leo,2025-04-04,10:45:53,-07:00,2025-04-04T10:45:53-07:00,0,14
index.html,2,html,0e248ca4,Tristan Leo,2025-04-04,10:45:53,-07:00,2025-04-04T10:45:53-07:00,0,15
index.html,3,html,0e248ca4,Tristan Leo,2025-04-04,10:45:53,-07:00,2025-04-04T10:45:53-07:00,0,5
index.html,4,html,0e248ca4,Tristan Leo,2025-04-04,10:45:53,-07:00,2025-04-04T10:45:53-07:00,0,21
index.html,5,html,9f73a5a4,Tristan Leo,2025-04-16,11:03:05,-07:00,2025-04-16T11:03:05-07:00,0,69
index.html,6,html,0e248ca4,Tristan Leo,2025-04-04,10:45:53,-07:00,2025-04-04T10:45:53-07:00,0,54
index.html,7,html,33fa1fc2,Tristan Leo,2025-04-04,16:01:45,-07:00,2025-04-04T16:01:45-07:00,0,89
index.html,8,html,0e248ca4,Tristan Leo,2025-04-04,10:45:53,-07:00,2025-04-04T10:45:53-07:00,0,6
index.html,9,html,0e248ca4,Tristan Leo,2025-04-04,10:45:53,-07:00,2025-04-04T10:45:53-07:00,0,5
index.html,10,html,0e248ca4,Tristan Leo,2025-04-04,10:45:53,-07:00,2025-04-04T10:45:53-07:00,0,19
index.html,11,html,3f182036,Tristan Leo,2025-04-26,09:34:11,-07:00,2025-04-26T09:34:11-07:00,0,0
index.html,12,html,33fa1fc2,Tristan Leo,2025-04-04,16:01:45,-07:00,2025-04-04T16:01:45-07:00,0,99
index.html,13,html,c61046db,Tristan Leo,2025-04-09,10:13:33,-07:00,2025-04-09T10:13:33-07:00,0,210
index.html,14,html,3f182036,Tristan Leo,2025-04-26,09:34:11,-07:00,2025-04-26T09:34:11-07:00,0,29
index.html,15,html,3f182036,Tristan Leo,2025-04-26,09:34:11,-07:00,2025-04-26T09:34:11-07:00,0,23
index.html,16,html,3f182036,Tristan Leo,2025-04-26,09:34:11,-07:00,2025-04-26T09:34:11-07:00,0,27
index.html,17,html,3f182036,Tristan Leo,2025-04-26,09:34:11,-07:00,2025-04-26T09:34:11-07:00,0,0
index.html,18,html,3f182036,Tristan Leo,2025-04-26,09:34:11,-07:00,2025-04-26T09:34:11-07:00,0,51
index.html,19,html,9f73a5a4,Tristan Leo,2025-04-16,11:03:05,-07:00,2025-04-16T11:03:05-07:00,0,46
index.html,20,html,3f182036,Tristan Leo,2025-04-26,09:34:11,-07:00,2025-04-26T09:34:11-07:00,0,0
index.html,21,html,0e248ca4,Tristan Leo,2025-04-04,10:45:53,-07:00,2025-04-04T10:45:53-07:00,0,6
index.html,22,html,0e248ca4,Tristan Leo,2025-04-04,10:45:53,-07:00,2025-04-04T10:45:53-07:00,0,6
global.js,1,js,ad02a51a,Tristan Leo,2025-04-17,21:55:19,-07:00,2025-04-17T21:55:19-07:00,0,26
global.js,2,js,9f73a5a4,Tristan Leo,2025-04-16,11:03:05,-07:00,2025-04-16T11:03:05-07:00,0,0
global.js,3,js,9f73a5a4,Tristan Leo,2025-04-16,11:03:05,-07:00,2025-04-16T11:03:05-07:00,0,42
global.js,4,js,9f73a5a4,Tristan Leo,2025-04-16,11:03:05,-07:00,2025-04-16T11:03:05-07:00,0,53
global.js,5,js,ad02a51a,Tristan Leo,2025-04-17,21:55:19,-07:00,2025-04-17T21:55:19-07:00,0,0
global.js,6,js,ad02a51a,Tristan Leo,2025-04-17,21:55:19,-07:00,2025-04-17T21:55:19-07:00,0,0
global.js,7,js,ad02a51a,Tristan Leo,2025-04-17,21:55:19,-07:00,2025-04-17T21:55:19-07:00,0,89
global.js,8,js,ad02a51a,Tristan Leo,2025-04-17,21:55:19,-07:00,2025-04-17T21:55:19-07:00,0,4
global.js,9,js,ad02a51a,Tristan Leo,2025-04-17,21:55:19,-07:00,2025-04-17T21:55:19-07:00,0,15
global.js,10,js,ad02a51a,Tristan Leo,2025-04-17,21:55:19,-07:00,2025-04-17T21:55:19-07:00,0,0
global.js,11,js,ad02a51a,Tristan Leo,2025-04-17,21:55:19,-07:00,2025-04-17T21:55:19-07:00,0,12
global.js,12,js,ad02a51a,Tristan Leo,2025-04-17,21:55:19,-07:00,2025-04-17T21:55:19-07:00,0,26
global.js,13,js,ad02a51a,Tristan Leo,2025-04-17,21:55:19,-07:00,2025-04-17T21:55:19-07:00,0,39
global.js,14,js,ad02a51a,Tristan Leo,2025-04-17,21:55:19,-07:00,2025-04-17T21:55:19-07:00,0,37
global.js,15,js,00000000,Not Committed Yet,2025-05-08,22:44:44,-07:00,2025-05-08T22:44:44-07:00,0,31
global.js,16,js,ad02a51a,Tristan Leo,2025-04-17,21:55:19,-07:00,2025-04-17T21:55:19-07:00,0,46
global.js,17,js,ad02a51a,Tristan Leo,2025-04-17,21:55:19,-07:00,2025-04-17T21:55:19-07:00,0,55
global.js,18,js,ad02a51a,Tristan Leo,2025-04-17,21:55:19,-07:00,2025-04-17T21:55:19-07:00,0,1
global.js,19,js,ad02a51a,Tristan Leo,2025-04-17,21:55:19,-07:00,2025-04-17T21:55:19-07:00,0,0
global.js,20,js,ad02a51a,Tristan Leo,2025-04-17,21:55:19,-07:00,2025-04-17T21:55:19-07:00,0,39
global.js,21,js,ad02a51a,Tristan Leo,2025-04-17,21:55:19,-07:00,2025-04-17T21:55:19-07:00,0,26
global.js,22,js,ad02a51a,Tristan Leo,2025-04-17,21:55:19,-07:00,2025-04-17T21:55:19-07:00,0,0
global.js,23,js,ad02a51a,Tristan Leo,2025-04-17,21:55:19,-07:00,2025-04-17T21:55:19-07:00,0,21
global.js,24,js,ad02a51a,Tristan Leo,2025-04-17,21:55:19,-07:00,2025-04-17T21:55:19-07:00,0,15
global.js,25,js,ad02a51a,Tristan Leo,2025-04-17,21:55:19,-07:00,2025-04-17T21:55:19-07:00,0,19
global.js,26,js,ad02a51a,Tristan Leo,2025-04-17,21:55:19,-07:00,2025-04-17T21:55:19-07:00,0,0
global.js,27,js,ad02a51a,Tristan Leo,2025-04-17,21:55:19,-07:00,2025-04-17T21:55:19-07:00,0,53
global.js,28,js,ad02a51a,Tristan Leo,2025-04-17,21:55:19,-07:00,2025-04-17T21:55:19-07:00,0,0
global.js,29,js,ad02a51a,Tristan Leo,2025-04-17,21:55:19,-07:00,2025-04-17T21:55:19-07:00,0,35
global.js,30,js,ad02a51a,Tristan Leo,2025-04-17,21:55:19,-07:00,2025-04-17T21:55:19-07:00,0,12
global.js,31,js,ad02a51a,Tristan Leo,2025-04-17,21:55:19,-07:00,2025-04-17T21:55:19-07:00,0,21
global.js,32,js,ad02a51a,Tristan Leo,2025-04-17,21:55:19,-07:00,2025-04-17T21:55:19-07:00,0,0
global.js,33,js,ad02a51a,Tristan Leo,2025-04-17,21:55:19,-07:00,2025-04-17T21:55:19-07:00,0,24
global.js,34,js,ad02a51a,Tristan Leo,2025-04-17,21:55:19,-07:00,2025-04-17T21:55:19-07:00,0,37
global.js,35,js,ad02a51a,Tristan Leo,2025-04-17,21:55:19,-07:00,2025-04-17T21:55:19-07:00,0,80
global.js,36,js,ad02a51a,Tristan Leo,2025-04-17,21:55:19,-07:00,2025-04-17T21:55:19-07:00,0,26
global.js,37,js,ad02a51a,Tristan Leo,2025-04-17,21:55:19,-07:00,2025-04-17T21:55:19-07:00,0,0
global.js,38,js,ad02a51a,Tristan Leo,2025-04-17,21:55:19,-07:00,2025-04-17T21:55:19-07:00,0,0
global.js,39,js,ad02a51a,Tristan Leo,2025-04-17,21:55:19,-07:00,2025-04-17T21:55:19-07:00,0,34
global.js,40,js,ad02a51a,Tristan Leo,2025-04-17,21:55:19,-07:00,2025-04-17T21:55:19-07:00,0,28
global.js,41,js,ad02a51a,Tristan Leo,2025-04-17,21:55:19,-07:00,2025-04-17T21:55:19-07:00,0,19
global.js,42,js,ad02a51a,Tristan Leo,2025-04-17,21:55:19,-07:00,2025-04-17T21:55:19-07:00,0,18
global.js,43,js,ad02a51a,Tristan Leo,2025-04-17,21:55:19,-07:00,2025-04-17T21:55:19-07:00,0,0
global.js,44,js,ad02a51a,Tristan Leo,2025-04-17,21:55:19,-07:00,2025-04-17T21:55:19-07:00,0,0
global.js,45,js,ad02a51a,Tristan Leo,2025-04-17,21:55:19,-07:00,2025-04-17T21:55:19-07:00,0,13
global.js,46,js,ad02a51a,Tristan Leo,2025-04-17,21:55:19,-07:00,2025-04-17T21:55:19-07:00,0,0
global.js,47,js,ad02a51a,Tristan Leo,2025-04-17,21:55:19,-07:00,2025-04-17T21:55:19-07:00,0,0
global.js,48,js,ad02a51a,Tristan Leo,2025-04-17,21:55:19,-07:00,2025-04-17T21:55:19-07:00,0,32
global.js,49,js,ad02a51a,Tristan Leo,2025-04-17,21:55:19,-07:00,2025-04-17T21:55:19-07:00,0,12
global.js,50,js,ad02a51a,Tristan Leo,2025-04-17,21:55:19,-07:00,2025-04-17T21:55:19-07:00,0,0
global.js,51,js,ad02a51a,Tristan Leo,2025-04-17,21:55:19,-07:00,2025-04-17T21:55:19-07:00,0,27
global.js,52,js,ad02a51a,Tristan Leo,2025-04-17,21:55:19,-07:00,2025-04-17T21:55:19-07:00,0,5
global.js,53,js,ad02a51a,Tristan Leo,2025-04-17,21:55:19,-07:00,2025-04-17T21:55:19-07:00,0,32
global.js,54,js,ad02a51a,Tristan Leo,2025-04-17,21:55:19,-07:00,2025-04-17T21:55:19-07:00,0,44
global.js,55,js,ad02a51a,Tristan Leo,2025-04-17,21:55:19,-07:00,2025-04-17T21:55:19-07:00,0,35
global.js,56,js,ad02a51a,Tristan Leo,2025-04-17,21:55:19,-07:00,2025-04-17T21:55:19-07:00,0,33
global.js,57,js,ad02a51a,Tristan Leo,2025-04-17,21:55:19,-07:00,2025-04-17T21:55:19-07:00,0,8
global.js,58,js,ad02a51a,Tristan Leo,2025-04-17,21:55:19,-07:00,2025-04-17T21:55:19-07:00,0,7
global.js,59,js,ad02a51a,Tristan Leo,2025-04-17,21:55:19,-07:00,2025-04-17T21:55:19-07:00,0,0
global.js,60,js,ad02a51a,Tristan Leo,2025-04-17,21:55:19,-07:00,2025-04-17T21:55:19-07:00,0,1
global.js,61,js,ad02a51a,Tristan Leo,2025-04-17,21:55:19,-07:00,2025-04-17T21:55:19-07:00,0,0
global.js,62,js,ad02a51a,Tristan Leo,2025-04-17,21:55:19,-07:00,2025-04-17T21:55:19-07:00,0,61
global.js,63,js,ad02a51a,Tristan Leo,2025-04-17,21:55:19,-07:00,2025-04-17T21:55:19-07:00,0,50
global.js,64,js,ad02a51a,Tristan Leo,2025-04-17,21:55:19,-07:00,2025-04-17T21:55:19-07:00,0,11
global.js,65,js,ad02a51a,Tristan Leo,2025-04-17,21:55:19,-07:00,2025-04-17T21:55:19-07:00,0,50
global.js,66,js,ad02a51a,Tristan Leo,2025-04-17,21:55:19,-07:00,2025-04-17T21:55:19-07:00,0,20
global.js,67,js,ad02a51a,Tristan Leo,2025-04-17,21:55:19,-07:00,2025-04-17T21:55:19-07:00,0,0
global.js,68,js,ad02a51a,Tristan Leo,2025-04-17,21:55:19,-07:00,2025-04-17T21:55:19-07:00,0,0
global.js,69,js,ad02a51a,Tristan Leo,2025-04-17,21:55:19,-07:00,2025-04-17T21:55:19-07:00,0,41
global.js,70,js,ad02a51a,Tristan Leo,2025-04-17,21:55:19,-07:00,2025-04-17T21:55:19-07:00,0,29
global.js,71,js,ad02a51a,Tristan Leo,2025-04-17,21:55:19,-07:00,2025-04-17T21:55:19-07:00,0,51
global.js,72,js,ad02a51a,Tristan Leo,2025-04-17,21:55:19,-07:00,2025-04-17T21:55:19-07:00,0,44
global.js,73,js,ad02a51a,Tristan Leo,2025-04-17,21:55:19,-07:00,2025-04-17T21:55:19-07:00,0,2
global.js,74,js,3f182036,Tristan Leo,2025-04-26,09:34:11,-07:00,2025-04-26T09:34:11-07:00,0,0
global.js,75,js,3f182036,Tristan Leo,2025-04-26,09:34:11,-07:00,2025-04-26T09:34:11-07:00,0,43
global.js,76,js,3f182036,Tristan Leo,2025-04-26,09:34:11,-07:00,2025-04-26T09:34:11-07:00,0,10
global.js,77,js,3f182036,Tristan Leo,2025-04-26,09:34:11,-07:00,2025-04-26T09:34:11-07:00,0,37
global.js,78,js,3f182036,Tristan Leo,2025-04-26,09:34:11,-07:00,2025-04-26T09:34:11-07:00,0,69
global.js,79,js,3f182036,Tristan Leo,2025-04-26,09:34:11,-07:00,2025-04-26T09:34:11-07:00,0,65
global.js,80,js,3f182036,Tristan Leo,2025-04-26,09:34:11,-07:00,2025-04-26T09:34:11-07:00,0,16
global.js,81,js,3f182036,Tristan Leo,2025-04-26,09:34:11,-07:00,2025-04-26T09:34:11-07:00,0,0
global.js,82,js,3f182036,Tristan Leo,2025-04-26,09:34:11,-07:00,2025-04-26T09:34:11-07:00,0,32
global.js,83,js,3f182036,Tristan Leo,2025-04-26,09:34:11,-07:00,2025-04-26T09:34:11-07:00,0,50
global.js,84,js,3f182036,Tristan Leo,2025-04-26,09:34:11,-07:00,2025-04-26T09:34:11-07:00,0,0
global.js,85,js,3f182036,Tristan Leo,2025-04-26,09:34:11,-07:00,2025-04-26T09:34:11-07:00,0,0
global.js,86,js,3f182036,Tristan Leo,2025-04-26,09:34:11,-07:00,2025-04-26T09:34:11-07:00,0,53
global.js,87,js,3f182036,Tristan Leo,2025-04-26,09:34:11,-07:00,2025-04-26T09:34:11-07:00,0,25
global.js,88,js,3f182036,Tristan Leo,2025-04-26,09:34:11,-07:00,2025-04-26T09:34:11-07:00,0,2
global.js,89,js,3f182036,Tristan Leo,2025-04-26,09:34:11,-07:00,2025-04-26T09:34:11-07:00,0,0
global.js,90,js,3f182036,Tristan Leo,2025-04-26,09:34:11,-07:00,2025-04-26T09:34:11-07:00,0,0
global.js,91,js,3f182036,Tristan Leo,2025-04-26,09:34:11,-07:00,2025-04-26T09:34:11-07:00,0,37
global.js,92,js,3f182036,Tristan Leo,2025-04-26,09:34:11,-07:00,2025-04-26T09:34:11-07:00,0,4
global.js,93,js,3f182036,Tristan Leo,2025-04-26,09:34:11,-07:00,2025-04-26T09:34:11-07:00,0,40
global.js,94,js,3f182036,Tristan Leo,2025-04-26,09:34:11,-07:00,2025-04-26T09:34:11-07:00,0,33
global.js,95,js,3f182036,Tristan Leo,2025-04-26,09:34:11,-07:00,2025-04-26T09:34:11-07:00,0,21
global.js,96,js,3f182036,Tristan Leo,2025-04-26,09:34:11,-07:00,2025-04-26T09:34:11-07:00,0,0
global.js,97,js,3f182036,Tristan Leo,2025-04-26,09:34:11,-07:00,2025-04-26T09:34:11-07:00,0,18
global.js,98,js,3f182036,Tristan Leo,2025-04-26,09:34:11,-07:00,2025-04-26T09:34:11-07:00,0,67
global.js,99,js,3f182036,Tristan Leo,2025-04-26,09:34:11,-07:00,2025-04-26T09:34:11-07:00,0,0
global.js,100,js,3f182036,Tristan Leo,2025-04-26,09:34:11,-07:00,2025-04-26T09:34:11-07:00,0,0
global.js,101,js,3f182036,Tristan Leo,2025-04-26,09:34:11,-07:00,2025-04-26T09:34:11-07:00,0,34
global.js,102,js,3f182036,Tristan Leo,2025-04-26,09:34:11,-07:00,2025-04-26T09:34:11-07:00,0,11
global.js,103,js,3f182036,Tristan Leo,2025-04-26,09:34:11,-07:00,2025-04-26T09:34:11-07:00,0,16
global.js,104,js,3f182036,Tristan Leo,2025-04-26,09:34:11,-07:00,2025-04-26T09:34:11-07:00,0,60
global.js,105,js,3f182036,Tristan Leo,2025-04-26,09:34:11,-07:00,2025-04-26T09:34:11-07:00,0,0
global.js,106,js,3f182036,Tristan Leo,2025-04-26,09:34:11,-07:00,2025-04-26T09:34:11-07:00,0,0
global.js,107,js,3f182036,Tristan Leo,2025-04-26,09:34:11,-07:00,2025-04-26T09:34:11-07:00,0,0
global.js,108,js,3f182036,Tristan Leo,2025-04-26,09:34:11,-07:00,2025-04-26T09:34:11-07:00,0,80
global.js,109,js,3f182036,Tristan Leo,2025-04-26,09:34:11,-07:00,2025-04-26T09:34:11-07:00,0,65
global.js,110,js,3f182036,Tristan Leo,2025-04-26,09:34:11,-07:00,2025-04-26T09:34:11-07:00,0,0
global.js,111,js,3f182036,Tristan Leo,2025-04-26,09:34:11,-07:00,2025-04-26T09:34:11-07:00,0,28
global.js,112,js,3f182036,Tristan Leo,2025-04-26,09:34:11,-07:00,2025-04-26T09:34:11-07:00,0,42
global.js,113,js,3f182036,Tristan Leo,2025-04-26,09:34:11,-07:00,2025-04-26T09:34:11-07:00,0,34
global.js,114,js,3f182036,Tristan Leo,2025-04-26,09:34:11,-07:00,2025-04-26T09:34:11-07:00,0,0
global.js,115,js,3f182036,Tristan Leo,2025-04-26,09:34:11,-07:00,2025-04-26T09:34:11-07:00,0,17
global.js,116,js,3f182036,Tristan Leo,2025-04-26,09:34:11,-07:00,2025-04-26T09:34:11-07:00,0,50
global.js,117,js,3f182036,Tristan Leo,2025-04-26,09:34:11,-07:00,2025-04-26T09:34:11-07:00,0,72
global.js,118,js,3f182036,Tristan Leo,2025-04-26,09:34:11,-07:00,2025-04-26T09:34:11-07:00,0,28
global.js,119,js,204d42a1,Tristan Leo,2025-05-02,23:57:11,-07:00,2025-05-02T23:57:11-07:00,0,25
global.js,120,js,204d42a1,Tristan Leo,2025-05-02,23:57:11,-07:00,2025-05-02T23:57:11-07:00,0,36
global.js,121,js,204d42a1,Tristan Leo,2025-05-02,23:57:11,-07:00,2025-05-02T23:57:11-07:00,0,5
global.js,122,js,3f182036,Tristan Leo,2025-04-26,09:34:11,-07:00,2025-04-26T09:34:11-07:00,0,1
global.js,123,js,3f182036,Tristan Leo,2025-04-26,09:34:11,-07:00,2025-04-26T09:34:11-07:00,0,0
global.js,124,js,3f182036,Tristan Leo,2025-04-26,09:34:11,-07:00,2025-04-26T09:34:11-07:00,0,34
global.js,125,js,3f182036,Tristan Leo,2025-04-26,09:34:11,-07:00,2025-04-26T09:34:11-07:00,0,2
global.js,126,js,3f182036,Tristan Leo,2025-04-26,09:34:11,-07:00,2025-04-26T09:34:11-07:00,0,0
global.js,127,js,3f182036,Tristan Leo,2025-04-26,09:34:11,-07:00,2025-04-26T09:34:11-07:00,0,0
global.js,128,js,3f182036,Tristan Leo,2025-04-26,09:34:11,-07:00,2025-04-26T09:34:11-07:00,0,48
global.js,129,js,3f182036,Tristan Leo,2025-04-26,09:34:11,-07:00,2025-04-26T09:34:11-07:00,0,60
global.js,130,js,3f182036,Tristan Leo,2025-04-26,09:34:11,-07:00,2025-04-26T09:34:11-07:00,0,0
global.js,131,js,3f182036,Tristan Leo,2025-04-26,09:34:11,-07:00,2025-04-26T09:34:11-07:00,0,0
global.js,132,js,3f182036,Tristan Leo,2025-04-26,09:34:11,-07:00,2025-04-26T09:34:11-07:00,0,0
global.js,133,js,3f182036,Tristan Leo,2025-04-26,09:34:11,-07:00,2025-04-26T09:34:11-07:00,0,0
resume/resume.html,1,html,33fa1fc2,Tristan Leo,2025-04-04,16:01:45,-07:00,2025-04-04T16:01:45-07:00,0,14
resume/resume.html,2,html,33fa1fc2,Tristan Leo,2025-04-04,16:01:45,-07:00,2025-04-04T16:01:45-07:00,0,15
resume/resume.html,3,html,33fa1fc2,Tristan Leo,2025-04-04,16:01:45,-07:00,2025-04-04T16:01:45-07:00,0,5
resume/resume.html,4,html,33fa1fc2,Tristan Leo,2025-04-04,16:01:45,-07:00,2025-04-04T16:01:45-07:00,0,21
resume/resume.html,5,html,33fa1fc2,Tristan Leo,2025-04-04,16:01:45,-07:00,2025-04-04T16:01:45-07:00,0,69
resume/resume.html,6,html,33fa1fc2,Tristan Leo,2025-04-04,16:01:45,-07:00,2025-04-04T16:01:45-07:00,0,34
resume/resume.html,7,html,33fa1fc2,Tristan Leo,2025-04-04,16:01:45,-07:00,2025-04-04T16:01:45-07:00,0,42
resume/resume.html,8,html,33fa1fc2,Tristan Leo,2025-04-04,16:01:45,-07:00,2025-04-04T16:01:45-07:00,0,6
resume/resume.html,9,html,33fa1fc2,Tristan Leo,2025-04-04,16:01:45,-07:00,2025-04-04T16:01:45-07:00,0,5
resume/resume.html,10,html,33fa1fc2,Tristan Leo,2025-04-04,16:01:45,-07:00,2025-04-04T16:01:45-07:00,0,7
resume/resume.html,11,html,c61046db,Tristan Leo,2025-04-09,10:13:33,-07:00,2025-04-09T10:13:33-07:00,0,0
resume/resume.html,12,html,33fa1fc2,Tristan Leo,2025-04-04,16:01:45,-07:00,2025-04-04T16:01:45-07:00,0,19
resume/resume.html,13,html,33fa1fc2,Tristan Leo,2025-04-04,16:01:45,-07:00,2025-04-04T16:01:45-07:00,0,25
resume/resume.html,14,html,c61046db,Tristan Leo,2025-04-09,10:13:33,-07:00,2025-04-09T10:13:33-07:00,0,53
resume/resume.html,15,html,c61046db,Tristan Leo,2025-04-09,10:13:33,-07:00,2025-04-09T10:13:33-07:00,0,47
resume/resume.html,16,html,c61046db,Tristan Leo,2025-04-09,10:13:33,-07:00,2025-04-09T10:13:33-07:00,0,55
resume/resume.html,17,html,33fa1fc2,Tristan Leo,2025-04-04,16:01:45,-07:00,2025-04-04T16:01:45-07:00,0,5
resume/resume.html,18,html,c61046db,Tristan Leo,2025-04-09,10:13:33,-07:00,2025-04-09T10:13:33-07:00,0,8
resume/resume.html,19,html,c61046db,Tristan Leo,2025-04-09,10:13:33,-07:00,2025-04-09T10:13:33-07:00,0,0
resume/resume.html,20,html,c61046db,Tristan Leo,2025-04-09,10:13:33,-07:00,2025-04-09T10:13:33-07:00,0,5
resume/resume.html,21,html,c61046db,Tristan Leo,2025-04-09,10:13:33,-07:00,2025-04-09T10:13:33-07:00,0,0
resume/resume.html,22,html,c61046db,Tristan Leo,2025-04-09,10:13:33,-07:00,2025-04-09T10:13:33-07:00,0,24
resume/resume.html,23,html,33fa1fc2,Tristan Leo,2025-04-04,16:01:45,-07:00,2025-04-04T16:01:45-07:00,0,18
resume/resume.html,24,html,33fa1fc2,Tristan Leo,2025-04-04,16:01:45,-07:00,2025-04-04T16:01:45-07:00,0,43
resume/resume.html,25,html,c61046db,Tristan Leo,2025-04-09,10:13:33,-07:00,2025-04-09T10:13:33-07:00,0,34
resume/resume.html,26,html,33fa1fc2,Tristan Leo,2025-04-04,16:01:45,-07:00,2025-04-04T16:01:45-07:00,0,3
resume/resume.html,27,html,c61046db,Tristan Leo,2025-04-09,10:13:33,-07:00,2025-04-09T10:13:33-07:00,0,48
resume/resume.html,28,html,c61046db,Tristan Leo,2025-04-09,10:13:33,-07:00,2025-04-09T10:13:33-07:00,0,17
resume/resume.html,29,html,c61046db,Tristan Leo,2025-04-09,10:13:33,-07:00,2025-04-09T10:13:33-07:00,0,32
resume/resume.html,30,html,33fa1fc2,Tristan Leo,2025-04-04,16:01:45,-07:00,2025-04-04T16:01:45-07:00,0,4
resume/resume.html,31,html,c61046db,Tristan Leo,2025-04-09,10:13:33,-07:00,2025-04-09T10:13:33-07:00,0,9
resume/resume.html,32,html,c61046db,Tristan Leo,2025-04-09,10:13:33,-07:00,2025-04-09T10:13:33-07:00,0,0
resume/resume.html,33,html,c61046db,Tristan Leo,2025-04-09,10:13:33,-07:00,2025-04-09T10:13:33-07:00,0,5
resume/resume.html,34,html,c61046db,Tristan Leo,2025-04-09,10:13:33,-07:00,2025-04-09T10:13:33-07:00,0,0
resume/resume.html,35,html,c61046db,Tristan Leo,2025-04-09,10:13:33,-07:00,2025-04-09T10:13:33-07:00,0,24
resume/resume.html,36,html,33fa1fc2,Tristan Leo,2025-04-04,16:01:45,-07:00,2025-04-04T16:01:45-07:00,0,19
resume/resume.html,37,html,c61046db,Tristan Leo,2025-04-09,10:13:33,-07:00,2025-04-09T10:13:33-07:00,0,0
resume/resume.html,38,html,c61046db,Tristan Leo,2025-04-09,10:13:33,-07:00,2025-04-09T10:13:33-07:00,0,52
resume/resume.html,39,html,c61046db,Tristan Leo,2025-04-09,10:13:33,-07:00,2025-04-09T10:13:33-07:00,0,33
resume/resume.html,40,html,33fa1fc2,Tristan Leo,2025-04-04,16:01:45,-07:00,2025-04-04T16:01:45-07:00,0,3
resume/resume.html,41,html,c61046db,Tristan Leo,2025-04-09,10:13:33,-07:00,2025-04-09T10:13:33-07:00,0,192
resume/resume.html,42,html,c61046db,Tristan Leo,2025-04-09,10:13:33,-07:00,2025-04-09T10:13:33-07:00,0,219
resume/resume.html,43,html,33fa1fc2,Tristan Leo,2025-04-04,16:01:45,-07:00,2025-04-04T16:01:45-07:00,0,4
resume/resume.html,44,html,c61046db,Tristan Leo,2025-04-09,10:13:33,-07:00,2025-04-09T10:13:33-07:00,0,0
resume/resume.html,45,html,33fa1fc2,Tristan Leo,2025-04-04,16:01:45,-07:00,2025-04-04T16:01:45-07:00,0,28
resume/resume.html,46,html,c61046db,Tristan Leo,2025-04-09,10:13:33,-07:00,2025-04-09T10:13:33-07:00,0,34
resume/resume.html,47,html,33fa1fc2,Tristan Leo,2025-04-04,16:01:45,-07:00,2025-04-04T16:01:45-07:00,0,29
resume/resume.html,48,html,33fa1fc2,Tristan Leo,2025-04-04,16:01:45,-07:00,2025-04-04T16:01:45-07:00,0,3
resume/resume.html,49,html,c61046db,Tristan Leo,2025-04-09,10:13:33,-07:00,2025-04-09T10:13:33-07:00,0,206
resume/resume.html,50,html,c61046db,Tristan Leo,2025-04-09,10:13:33,-07:00,2025-04-09T10:13:33-07:00,0,190
resume/resume.html,51,html,33fa1fc2,Tristan Leo,2025-04-04,16:01:45,-07:00,2025-04-04T16:01:45-07:00,0,4
resume/resume.html,52,html,c61046db,Tristan Leo,2025-04-09,10:13:33,-07:00,2025-04-09T10:13:33-07:00,0,0
resume/resume.html,53,html,c61046db,Tristan Leo,2025-04-09,10:13:33,-07:00,2025-04-09T10:13:33-07:00,0,24
resume/resume.html,54,html,c61046db,Tristan Leo,2025-04-09,10:13:33,-07:00,2025-04-09T10:13:33-07:00,0,34
resume/resume.html,55,html,c61046db,Tristan Leo,2025-04-09,10:13:33,-07:00,2025-04-09T10:13:33-07:00,0,28
resume/resume.html,56,html,c61046db,Tristan Leo,2025-04-09,10:13:33,-07:00,2025-04-09T10:13:33-07:00,0,3
resume/resume.html,57,html,c61046db,Tristan Leo,2025-04-09,10:13:33,-07:00,2025-04-09T10:13:33-07:00,0,147
resume/resume.html,58,html,c61046db,Tristan Leo,2025-04-09,10:13:33,-07:00,2025-04-09T10:13:33-07:00,0,162
resume/resume.html,59,html,c61046db,Tristan Leo,2025-04-09,10:13:33,-07:00,2025-04-09T10:13:33-07:00,0,4
resume/resume.html,60,html,c61046db,Tristan Leo,2025-04-09,10:13:33,-07:00,2025-04-09T10:13:33-07:00,0,0
resume/resume.html,61,html,c61046db,Tristan Leo,2025-04-09,10:13:33,-07:00,2025-04-09T10:13:33-07:00,0,17
resume/resume.html,62,html,c61046db,Tristan Leo,2025-04-09,10:13:33,-07:00,2025-04-09T10:13:33-07:00,0,34
resume/resume.html,63,html,c61046db,Tristan Leo,2025-04-09,10:13:33,-07:00,2025-04-09T10:13:33-07:00,0,37
resume/resume.html,64,html,c61046db,Tristan Leo,2025-04-09,10:13:33,-07:00,2025-04-09T10:13:33-07:00,0,3
resume/resume.html,65,html,c61046db,Tristan Leo,2025-04-09,10:13:33,-07:00,2025-04-09T10:13:33-07:00,0,152
resume/resume.html,66,html,c61046db,Tristan Leo,2025-04-09,10:13:33,-07:00,2025-04-09T10:13:33-07:00,0,150
resume/resume.html,67,html,c61046db,Tristan Leo,2025-04-09,10:13:33,-07:00,2025-04-09T10:13:33-07:00,0,4
resume/resume.html,68,html,c61046db,Tristan Leo,2025-04-09,10:13:33,-07:00,2025-04-09T10:13:33-07:00,0,0
resume/resume.html,69,html,c61046db,Tristan Leo,2025-04-09,10:13:33,-07:00,2025-04-09T10:13:33-07:00,0,29
resume/resume.html,70,html,c61046db,Tristan Leo,2025-04-09,10:13:33,-07:00,2025-04-09T10:13:33-07:00,0,34
resume/resume.html,71,html,c61046db,Tristan Leo,2025-04-09,10:13:33,-07:00,2025-04-09T10:13:33-07:00,0,33
resume/resume.html,72,html,c61046db,Tristan Leo,2025-04-09,10:13:33,-07:00,2025-04-09T10:13:33-07:00,0,3
resume/resume.html,73,html,c61046db,Tristan Leo,2025-04-09,10:13:33,-07:00,2025-04-09T10:13:33-07:00,0,172
resume/resume.html,74,html,c61046db,Tristan Leo,2025-04-09,10:13:33,-07:00,2025-04-09T10:13:33-07:00,0,191
resume/resume.html,75,html,c61046db,Tristan Leo,2025-04-09,10:13:33,-07:00,2025-04-09T10:13:33-07:00,0,4
resume/resume.html,76,html,c61046db,Tristan Leo,2025-04-09,10:13:33,-07:00,2025-04-09T10:13:33-07:00,0,0
resume/resume.html,77,html,c61046db,Tristan Leo,2025-04-09,10:13:33,-07:00,2025-04-09T10:13:33-07:00,0,16
resume/resume.html,78,html,c61046db,Tristan Leo,2025-04-09,10:13:33,-07:00,2025-04-09T10:13:33-07:00,0,34
resume/resume.html,79,html,c61046db,Tristan Leo,2025-04-09,10:13:33,-07:00,2025-04-09T10:13:33-07:00,0,41
resume/resume.html,80,html,c61046db,Tristan Leo,2025-04-09,10:13:33,-07:00,2025-04-09T10:13:33-07:00,0,3
resume/resume.html,81,html,c61046db,Tristan Leo,2025-04-09,10:13:33,-07:00,2025-04-09T10:13:33-07:00,0,196
resume/resume.html,82,html,c61046db,Tristan Leo,2025-04-09,10:13:33,-07:00,2025-04-09T10:13:33-07:00,0,160
resume/resume.html,83,html,c61046db,Tristan Leo,2025-04-09,10:13:33,-07:00,2025-04-09T10:13:33-07:00,0,4
resume/resume.html,84,html,c61046db,Tristan Leo,2025-04-09,10:13:33,-07:00,2025-04-09T10:13:33-07:00,0,9
resume/resume.html,85,html,c61046db,Tristan Leo,2025-04-09,10:13:33,-07:00,2025-04-09T10:13:33-07:00,0,0
resume/resume.html,86,html,c61046db,Tristan Leo,2025-04-09,10:13:33,-07:00,2025-04-09T10:13:33-07:00,0,5
resume/resume.html,87,html,c61046db,Tristan Leo,2025-04-09,10:13:33,-07:00,2025-04-09T10:13:33-07:00,0,0
resume/resume.html,88,html,c61046db,Tristan Leo,2025-04-09,10:13:33,-07:00,2025-04-09T10:13:33-07:00,0,24
resume/resume.html,89,html,c61046db,Tristan Leo,2025-04-09,10:13:33,-07:00,2025-04-09T10:13:33-07:00,0,15
resume/resume.html,90,html,c61046db,Tristan Leo,2025-04-09,10:13:33,-07:00,2025-04-09T10:13:33-07:00,0,21
resume/resume.html,91,html,c61046db,Tristan Leo,2025-04-09,10:13:33,-07:00,2025-04-09T10:13:33-07:00,0,34
resume/resume.html,92,html,c61046db,Tristan Leo,2025-04-09,10:13:33,-07:00,2025-04-09T10:13:33-07:00,0,3
resume/resume.html,93,html,c61046db,Tristan Leo,2025-04-09,10:13:33,-07:00,2025-04-09T10:13:33-07:00,0,150
resume/resume.html,94,html,c61046db,Tristan Leo,2025-04-09,10:13:33,-07:00,2025-04-09T10:13:33-07:00,0,126
resume/resume.html,95,html,c61046db,Tristan Leo,2025-04-09,10:13:33,-07:00,2025-04-09T10:13:33-07:00,0,4
resume/resume.html,96,html,c61046db,Tristan Leo,2025-04-09,10:13:33,-07:00,2025-04-09T10:13:33-07:00,0,9
resume/resume.html,97,html,c61046db,Tristan Leo,2025-04-09,10:13:33,-07:00,2025-04-09T10:13:33-07:00,0,0
resume/resume.html,98,html,9f73a5a4,Tristan Leo,2025-04-16,11:03:05,-07:00,2025-04-16T11:03:05-07:00,0,49
resume/resume.html,99,html,c61046db,Tristan Leo,2025-04-09,10:13:33,-07:00,2025-04-09T10:13:33-07:00,0,6
resume/resume.html,100,html,33fa1fc2,Tristan Leo,2025-04-04,16:01:45,-07:00,2025-04-04T16:01:45-07:00,0,6
projects/projects.js,1,js,3f182036,Tristan Leo,2025-04-26,09:34:11,-07:00,2025-04-26T09:34:11-07:00,0,56
projects/projects.js,2,js,204d42a1,Tristan Leo,2025-05-02,23:57:11,-07:00,2025-05-02T23:57:11-07:00,0,64
projects/projects.js,3,js,3f182036,Tristan Leo,2025-04-26,09:34:11,-07:00,2025-04-26T09:34:11-07:00,0,0
projects/projects.js,4,js,204d42a1,Tristan Leo,2025-05-02,23:57:11,-07:00,2025-05-02T23:57:11-07:00,0,55
projects/projects.js,5,js,204d42a1,Tristan Leo,2025-05-02,23:57:11,-07:00,2025-05-02T23:57:11-07:00,0,61
projects/projects.js,6,js,204d42a1,Tristan Leo,2025-05-02,23:57:11,-07:00,2025-05-02T23:57:11-07:00,0,63
projects/projects.js,7,js,204d42a1,Tristan Leo,2025-05-02,23:57:11,-07:00,2025-05-02T23:57:11-07:00,0,57
projects/projects.js,8,js,3f182036,Tristan Leo,2025-04-26,09:34:11,-07:00,2025-04-26T09:34:11-07:00,0,0
projects/projects.js,9,js,204d42a1,Tristan Leo,2025-05-02,23:57:11,-07:00,2025-05-02T23:57:11-07:00,0,49
projects/projects.js,10,js,3f182036,Tristan Leo,2025-04-26,09:34:11,-07:00,2025-04-26T09:34:11-07:00,0,0
projects/projects.js,11,js,204d42a1,Tristan Leo,2025-05-02,23:57:11,-07:00,2025-05-02T23:57:11-07:00,0,58
projects/projects.js,12,js,204d42a1,Tristan Leo,2025-05-02,23:57:11,-07:00,2025-05-02T23:57:11-07:00,0,48
projects/projects.js,13,js,204d42a1,Tristan Leo,2025-05-02,23:57:11,-07:00,2025-05-02T23:57:11-07:00,0,22
projects/projects.js,14,js,3f182036,Tristan Leo,2025-04-26,09:34:11,-07:00,2025-04-26T09:34:11-07:00,0,0
projects/projects.js,15,js,204d42a1,Tristan Leo,2025-05-02,23:57:11,-07:00,2025-05-02T23:57:11-07:00,0,39
projects/projects.js,16,js,204d42a1,Tristan Leo,2025-05-02,23:57:11,-07:00,2025-05-02T23:57:11-07:00,0,26
projects/projects.js,17,js,204d42a1,Tristan Leo,2025-05-02,23:57:11,-07:00,2025-05-02T23:57:11-07:00,0,27
projects/projects.js,18,js,204d42a1,Tristan Leo,2025-05-02,23:57:11,-07:00,2025-05-02T23:57:11-07:00,0,13
projects/projects.js,19,js,204d42a1,Tristan Leo,2025-05-02,23:57:11,-07:00,2025-05-02T23:57:11-07:00,0,15
projects/projects.js,20,js,204d42a1,Tristan Leo,2025-05-02,23:57:11,-07:00,2025-05-02T23:57:11-07:00,0,13
projects/projects.js,21,js,204d42a1,Tristan Leo,2025-05-02,23:57:11,-07:00,2025-05-02T23:57:11-07:00,0,43
projects/projects.js,22,js,204d42a1,Tristan Leo,2025-05-02,23:57:11,-07:00,2025-05-02T23:57:11-07:00,0,19
projects/projects.js,23,js,204d42a1,Tristan Leo,2025-05-02,23:57:11,-07:00,2025-05-02T23:57:11-07:00,0,45
projects/projects.js,24,js,204d42a1,Tristan Leo,2025-05-02,23:57:11,-07:00,2025-05-02T23:57:11-07:00,0,36
projects/projects.js,25,js,204d42a1,Tristan Leo,2025-05-02,23:57:11,-07:00,2025-05-02T23:57:11-07:00,0,2
projects/projects.js,26,js,3f182036,Tristan Leo,2025-04-26,09:34:11,-07:00,2025-04-26T09:34:11-07:00,0,0
projects/projects.js,27,js,204d42a1,Tristan Leo,2025-05-02,23:57:11,-07:00,2025-05-02T23:57:11-07:00,0,51
projects/projects.js,28,js,204d42a1,Tristan Leo,2025-05-02,23:57:11,-07:00,2025-05-02T23:57:11-07:00,0,51
projects/projects.js,29,js,204d42a1,Tristan Leo,2025-05-02,23:57:11,-07:00,2025-05-02T23:57:11-07:00,0,34
projects/projects.js,30,js,204d42a1,Tristan Leo,2025-05-02,23:57:11,-07:00,2025-05-02T23:57:11-07:00,0,46
projects/projects.js,31,js,204d42a1,Tristan Leo,2025-05-02,23:57:11,-07:00,2025-05-02T23:57:11-07:00,0,0
projects/projects.js,32,js,204d42a1,Tristan Leo,2025-05-02,23:57:11,-07:00,2025-05-02T23:57:11-07:00,0,13
projects/projects.js,33,js,204d42a1,Tristan Leo,2025-05-02,23:57:11,-07:00,2025-05-02T23:57:11-07:00,0,0
projects/projects.js,34,js,204d42a1,Tristan Leo,2025-05-02,23:57:11,-07:00,2025-05-02T23:57:11-07:00,0,20
projects/projects.js,35,js,204d42a1,Tristan Leo,2025-05-02,23:57:11,-07:00,2025-05-02T23:57:11-07:00,0,10
projects/projects.js,36,js,204d42a1,Tristan Leo,2025-05-02,23:57:11,-07:00,2025-05-02T23:57:11-07:00,0,0
projects/projects.js,37,js,204d42a1,Tristan Leo,2025-05-02,23:57:11,-07:00,2025-05-02T23:57:11-07:00,0,0
projects/projects.js,38,js,204d42a1,Tristan Leo,2025-05-02,23:57:11,-07:00,2025-05-02T23:57:11-07:00,0,13
projects/projects.js,39,js,204d42a1,Tristan Leo,2025-05-02,23:57:11,-07:00,2025-05-02T23:57:11-07:00,0,0
projects/projects.js,40,js,204d42a1,Tristan Leo,2025-05-02,23:57:11,-07:00,2025-05-02T23:57:11-07:00,0,20
projects/projects.js,41,js,204d42a1,Tristan Leo,2025-05-02,23:57:11,-07:00,2025-05-02T23:57:11-07:00,0,48
projects/projects.js,42,js,204d42a1,Tristan Leo,2025-05-02,23:57:11,-07:00,2025-05-02T23:57:11-07:00,0,45
projects/projects.js,43,js,204d42a1,Tristan Leo,2025-05-02,23:57:11,-07:00,2025-05-02T23:57:11-07:00,0,16
projects/projects.js,44,js,204d42a1,Tristan Leo,2025-05-02,23:57:11,-07:00,2025-05-02T23:57:11-07:00,0,0
projects/projects.js,45,js,204d42a1,Tristan Leo,2025-05-02,23:57:11,-07:00,2025-05-02T23:57:11-07:00,0,0
projects/projects.js,46,js,204d42a1,Tristan Leo,2025-05-02,23:57:11,-07:00,2025-05-02T23:57:11-07:00,0,33
projects/projects.js,47,js,204d42a1,Tristan Leo,2025-05-02,23:57:11,-07:00,2025-05-02T23:57:11-07:00,0,26
projects/projects.js,48,js,204d42a1,Tristan Leo,2025-05-02,23:57:11,-07:00,2025-05-02T23:57:11-07:00,0,25
projects/projects.js,49,js,204d42a1,Tristan Leo,2025-05-02,23:57:11,-07:00,2025-05-02T23:57:11-07:00,0,2
projects/projects.js,50,js,204d42a1,Tristan Leo,2025-05-02,23:57:11,-07:00,2025-05-02T23:57:11-07:00,0,14
projects/projects.js,51,js,204d42a1,Tristan Leo,2025-05-02,23:57:11,-07:00,2025-05-02T23:57:11-07:00,0,14
projects/projects.js,52,js,204d42a1,Tristan Leo,2025-05-02,23:57:11,-07:00,2025-05-02T23:57:11-07:00,0,23
projects/projects.js,53,js,204d42a1,Tristan Leo,2025-05-02,23:57:11,-07:00,2025-05-02T23:57:11-07:00,0,19
projects/projects.js,54,js,204d42a1,Tristan Leo,2025-05-02,23:57:11,-07:00,2025-05-02T23:57:11-07:00,0,44
projects/projects.js,55,js,204d42a1,Tristan Leo,2025-05-02,23:57:11,-07:00,2025-05-02T23:57:11-07:00,0,2
projects/projects.js,56,js,204d42a1,Tristan Leo,2025-05-02,23:57:11,-07:00,2025-05-02T23:57:11-07:00,0,17
projects/projects.js,57,js,204d42a1,Tristan Leo,2025-05-02,23:57:11,-07:00,2025-05-02T23:57:11-07:00,0,27
projects/projects.js,58,js,204d42a1,Tristan Leo,2025-05-02,23:57:11,-07:00,2025-05-02T23:57:11-07:00,0,38
projects/projects.js,59,js,204d42a1,Tristan Leo,2025-05-02,23:57:11,-07:00,2025-05-02T23:57:11-07:00,0,2
projects/projects.js,60,js,204d42a1,Tristan Leo,2025-05-02,23:57:11,-07:00,2025-05-02T23:57:11-07:00,0,0
projects/projects.js,61,js,204d42a1,Tristan Leo,2025-05-02,23:57:11,-07:00,2025-05-02T23:57:11-07:00,0,26
projects/projects.js,62,js,204d42a1,Tristan Leo,2025-05-02,23:57:11,-07:00,2025-05-02T23:57:11-07:00,0,54
projects/projects.js,63,js,204d42a1,Tristan Leo,2025-05-02,23:57:11,-07:00,2025-05-02T23:57:11-07:00,0,7
projects/projects.js,64,js,204d42a1,Tristan Leo,2025-05-02,23:57:11,-07:00,2025-05-02T23:57:11-07:00,0,46
projects/projects.js,65,js,204d42a1,Tristan Leo,2025-05-02,23:57:11,-07:00,2025-05-02T23:57:11-07:00,0,91
projects/projects.js,66,js,204d42a1,Tristan Leo,2025-05-02,23:57:11,-07:00,2025-05-02T23:57:11-07:00,0,89
projects/projects.js,67,js,204d42a1,Tristan Leo,2025-05-02,23:57:11,-07:00,2025-05-02T23:57:11-07:00,0,57
projects/projects.js,68,js,204d42a1,Tristan Leo,2025-05-02,23:57:11,-07:00,2025-05-02T23:57:11-07:00,0,0
projects/projects.js,69,js,204d42a1,Tristan Leo,2025-05-02,23:57:11,-07:00,2025-05-02T23:57:11-07:00,0,0
projects/projects.js,70,js,204d42a1,Tristan Leo,2025-05-02,23:57:11,-07:00,2025-05-02T23:57:11-07:00,0,5
projects/projects.js,71,js,204d42a1,Tristan Leo,2025-05-02,23:57:11,-07:00,2025-05-02T23:57:11-07:00,0,15
projects/projects.js,72,js,204d42a1,Tristan Leo,2025-05-02,23:57:11,-07:00,2025-05-02T23:57:11-07:00,0,25
projects/projects.js,73,js,204d42a1,Tristan Leo,2025-05-02,23:57:11,-07:00,2025-05-02T23:57:11-07:00,0,49
projects/projects.js,74,js,204d42a1,Tristan Leo,2025-05-02,23:57:11,-07:00,2025-05-02T23:57:11-07:00,0,1
projects/projects.js,75,js,204d42a1,Tristan Leo,2025-05-02,23:57:11,-07:00,2025-05-02T23:57:11-07:00,0,2
projects/projects.js,76,js,204d42a1,Tristan Leo,2025-05-02,23:57:11,-07:00,2025-05-02T23:57:11-07:00,0,2
projects/projects.js,77,js,204d42a1,Tristan Leo,2025-05-02,23:57:11,-07:00,2025-05-02T23:57:11-07:00,0,25
projects/projects.js,78,js,204d42a1,Tristan Leo,2025-05-02,23:57:11,-07:00,2025-05-02T23:57:11-07:00,0,5
projects/projects.js,79,js,204d42a1,Tristan Leo,2025-05-02,23:57:11,-07:00,2025-05-02T23:57:11-07:00,0,12
projects/projects.js,80,js,204d42a1,Tristan Leo,2025-05-02,23:57:11,-07:00,2025-05-02T23:57:11-07:00,0,94
projects/projects.js,81,js,204d42a1,Tristan Leo,2025-05-02,23:57:11,-07:00,2025-05-02T23:57:11-07:00,0,28
projects/projects.js,82,js,204d42a1,Tristan Leo,2025-05-02,23:57:11,-07:00,2025-05-02T23:57:11-07:00,0,122
projects/projects.js,83,js,204d42a1,Tristan Leo,2025-05-02,23:57:11,-07:00,2025-05-02T23:57:11-07:00,0,1
projects/projects.js,84,js,204d42a1,Tristan Leo,2025-05-02,23:57:11,-07:00,2025-05-02T23:57:11-07:00,0,0
projects/projects.js,85,js,204d42a1,Tristan Leo,2025-05-02,23:57:11,-07:00,2025-05-02T23:57:11-07:00,0,0
projects/projects.js,86,js,204d42a1,Tristan Leo,2025-05-02,23:57:11,-07:00,2025-05-02T23:57:11-07:00,0,24
projects/projects.js,87,js,204d42a1,Tristan Leo,2025-05-02,23:57:11,-07:00,2025-05-02T23:57:11-07:00,0,14
projects/projects.js,88,js,204d42a1,Tristan Leo,2025-05-02,23:57:11,-07:00,2025-05-02T23:57:11-07:00,0,0
projects/projects.js,89,js,204d42a1,Tristan Leo,2025-05-02,23:57:11,-07:00,2025-05-02T23:57:11-07:00,0,54
projects/projects.js,90,js,204d42a1,Tristan Leo,2025-05-02,23:57:11,-07:00,2025-05-02T23:57:11-07:00,0,0
projects/projects.js,91,js,204d42a1,Tristan Leo,2025-05-02,23:57:11,-07:00,2025-05-02T23:57:11-07:00,0,49
projects/projects.js,92,js,204d42a1,Tristan Leo,2025-05-02,23:57:11,-07:00,2025-05-02T23:57:11-07:00,0,26
projects/projects.js,93,js,204d42a1,Tristan Leo,2025-05-02,23:57:11,-07:00,2025-05-02T23:57:11-07:00,0,27
projects/projects.js,94,js,204d42a1,Tristan Leo,2025-05-02,23:57:11,-07:00,2025-05-02T23:57:11-07:00,0,52
projects/projects.js,95,js,204d42a1,Tristan Leo,2025-05-02,23:57:11,-07:00,2025-05-02T23:57:11-07:00,0,60
projects/projects.js,96,js,204d42a1,Tristan Leo,2025-05-02,23:57:11,-07:00,2025-05-02T23:57:11-07:00,0,43
projects/projects.js,97,js,204d42a1,Tristan Leo,2025-05-02,23:57:11,-07:00,2025-05-02T23:57:11-07:00,0,2
projects/projects.js,98,js,204d42a1,Tristan Leo,2025-05-02,23:57:11,-07:00,2025-05-02T23:57:11-07:00,0,32
projects/projects.js,99,js,204d42a1,Tristan Leo,2025-05-02,23:57:11,-07:00,2025-05-02T23:57:11-07:00,0,57
projects/projects.js,100,js,204d42a1,Tristan Leo,2025-05-02,23:57:11,-07:00,2025-05-02T23:57:11-07:00,0,29
projects/projects.js,101,js,204d42a1,Tristan Leo,2025-05-02,23:57:11,-07:00,2025-05-02T23:57:11-07:00,0,33
projects/projects.js,102,js,204d42a1,Tristan Leo,2025-05-02,23:57:11,-07:00,2025-05-02T23:57:11-07:00,0,37
projects/projects.js,103,js,204d42a1,Tristan Leo,2025-05-02,23:57:11,-07:00,2025-05-02T23:57:11-07:00,0,35
projects/projects.js,104,js,204d42a1,Tristan Leo,2025-05-02,23:57:11,-07:00,2025-05-02T23:57:11-07:00,0,32
projects/projects.js,105,js,204d42a1,Tristan Leo,2025-05-02,23:57:11,-07:00,2025-05-02T23:57:11-07:00,0,2
projects/index.html,1,html,33fa1fc2,Tristan Leo,2025-04-04,16:01:45,-07:00,2025-04-04T16:01:45-07:00,0,14
projects/index.html,2,html,33fa1fc2,Tristan Leo,2025-04-04,16:01:45,-07:00,2025-04-04T16:01:45-07:00,0,15
projects/index.html,3,html,33fa1fc2,Tristan Leo,2025-04-04,16:01:45,-07:00,2025-04-04T16:01:45-07:00,0,5
projects/index.html,4,html,33fa1fc2,Tristan Leo,2025-04-04,16:01:45,-07:00,2025-04-04T16:01:45-07:00,0,21
projects/index.html,5,html,33fa1fc2,Tristan Leo,2025-04-04,16:01:45,-07:00,2025-04-04T16:01:45-07:00,0,69
projects/index.html,6,html,33fa1fc2,Tristan Leo,2025-04-04,16:01:45,-07:00,2025-04-04T16:01:45-07:00,0,22
projects/index.html,7,html,33fa1fc2,Tristan Leo,2025-04-04,16:01:45,-07:00,2025-04-04T16:01:45-07:00,0,42
projects/index.html,8,html,33fa1fc2,Tristan Leo,2025-04-04,16:01:45,-07:00,2025-04-04T16:01:45-07:00,0,6
projects/index.html,9,html,33fa1fc2,Tristan Leo,2025-04-04,16:01:45,-07:00,2025-04-04T16:01:45-07:00,0,5
projects/index.html,10,html,3f182036,Tristan Leo,2025-04-26,09:34:11,-07:00,2025-04-26T09:34:11-07:00,0,39
projects/index.html,11,html,204d42a1,Tristan Leo,2025-05-02,23:57:11,-07:00,2025-05-02T23:57:11-07:00,0,0
projects/index.html,12,html,204d42a1,Tristan Leo,2025-05-02,23:57:11,-07:00,2025-05-02T23:57:11-07:00,0,22
projects/index.html,13,html,204d42a1,Tristan Leo,2025-05-02,23:57:11,-07:00,2025-05-02T23:57:11-07:00,0,55
projects/index.html,14,html,204d42a1,Tristan Leo,2025-05-02,23:57:11,-07:00,2025-05-02T23:57:11-07:00,0,23
projects/index.html,15,html,c61046db,Tristan Leo,2025-04-09,10:13:33,-07:00,2025-04-09T10:13:33-07:00,0,5
projects/index.html,16,html,9f73a5a4,Tristan Leo,2025-04-16,11:03:05,-07:00,2025-04-16T11:03:05-07:00,0,0
projects/index.html,17,html,204d42a1,Tristan Leo,2025-05-02,23:57:11,-07:00,2025-05-02T23:57:11-07:00,0,5
projects/index.html,18,html,204d42a1,Tristan Leo,2025-05-02,23:57:11,-07:00,2025-05-02T23:57:11-07:00,0,16
projects/index.html,19,html,204d42a1,Tristan Leo,2025-05-02,23:57:11,-07:00,2025-05-02T23:57:11-07:00,0,12
projects/index.html,20,html,204d42a1,Tristan Leo,2025-05-02,23:57:11,-07:00,2025-05-02T23:57:11-07:00,0,27
projects/index.html,21,html,204d42a1,Tristan Leo,2025-05-02,23:57:11,-07:00,2025-05-02T23:57:11-07:00,0,32
projects/index.html,22,html,204d42a1,Tristan Leo,2025-05-02,23:57:11,-07:00,2025-05-02T23:57:11-07:00,0,1
projects/index.html,23,html,204d42a1,Tristan Leo,2025-05-02,23:57:11,-07:00,2025-05-02T23:57:11-07:00,0,0
projects/index.html,24,html,204d42a1,Tristan Leo,2025-05-02,23:57:11,-07:00,2025-05-02T23:57:11-07:00,0,27
projects/index.html,25,html,204d42a1,Tristan Leo,2025-05-02,23:57:11,-07:00,2025-05-02T23:57:11-07:00,0,0
projects/index.html,26,html,9f73a5a4,Tristan Leo,2025-04-16,11:03:05,-07:00,2025-04-16T11:03:05-07:00,0,49
projects/index.html,27,html,3f182036,Tristan Leo,2025-04-26,09:34:11,-07:00,2025-04-26T09:34:11-07:00,0,50
projects/index.html,28,html,3f182036,Tristan Leo,2025-04-26,09:34:11,-07:00,2025-04-26T09:34:11-07:00,0,0
projects/index.html,29,html,33fa1fc2,Tristan Leo,2025-04-04,16:01:45,-07:00,2025-04-04T16:01:45-07:00,0,6
projects/index.html,30,html,33fa1fc2,Tristan Leo,2025-04-04,16:01:45,-07:00,2025-04-04T16:01:45-07:00,0,6
contact/index.html,1,html,33fa1fc2,Tristan Leo,2025-04-04,16:01:45,-07:00,2025-04-04T16:01:45-07:00,0,14
contact/index.html,2,html,33fa1fc2,Tristan Leo,2025-04-04,16:01:45,-07:00,2025-04-04T16:01:45-07:00,0,15
contact/index.html,3,html,33fa1fc2,Tristan Leo,2025-04-04,16:01:45,-07:00,2025-04-04T16:01:45-07:00,0,5
contact/index.html,4,html,33fa1fc2,Tristan Leo,2025-04-04,16:01:45,-07:00,2025-04-04T16:01:45-07:00,0,21
contact/index.html,5,html,33fa1fc2,Tristan Leo,2025-04-04,16:01:45,-07:00,2025-04-04T16:01:45-07:00,0,69
contact/index.html,6,html,33fa1fc2,Tristan Leo,2025-04-04,16:01:45,-07:00,2025-04-04T16:01:45-07:00,0,21
contact/index.html,7,html,33fa1fc2,Tristan Leo,2025-04-04,16:01:45,-07:00,2025-04-04T16:01:45-07:00,0,42
contact/index.html,8,html,33fa1fc2,Tristan Leo,2025-04-04,16:01:45,-07:00,2025-04-04T16:01:45-07:00,0,6
contact/index.html,9,html,33fa1fc2,Tristan Leo,2025-04-04,16:01:45,-07:00,2025-04-04T16:01:45-07:00,0,5
contact/index.html,10,html,33fa1fc2,Tristan Leo,2025-04-04,16:01:45,-07:00,2025-04-04T16:01:45-07:00,0,0
contact/index.html,11,html,33fa1fc2,Tristan Leo,2025-04-04,16:01:45,-07:00,2025-04-04T16:01:45-07:00,0,15
contact/index.html,12,html,3f182036,Tristan Leo,2025-04-26,09:34:11,-07:00,2025-04-26T09:34:11-07:00,0,35
contact/index.html,13,html,33fa1fc2,Tristan Leo,2025-04-04,16:01:45,-07:00,2025-04-04T16:01:45-07:00,0,6
contact/index.html,14,html,33fa1fc2,Tristan Leo,2025-04-04,16:01:45,-07:00,2025-04-04T16:01:45-07:00,0,7
contact/index.html,15,html,33fa1fc2,Tristan Leo,2025-04-04,16:01:45,-07:00,2025-04-04T16:01:45-07:00,0,21
contact/index.html,16,html,33fa1fc2,Tristan Leo,2025-04-04,16:01:45,-07:00,2025-04-04T16:01:45-07:00,0,7
contact/index.html,17,html,33fa1fc2,Tristan Leo,2025-04-04,16:01:45,-07:00,2025-04-04T16:01:45-07:00,0,0
contact/index.html,18,html,33fa1fc2,Tristan Leo,2025-04-04,16:01:45,-07:00,2025-04-04T16:01:45-07:00,0,6
contact/index.html,19,html,c61046db,Tristan Leo,2025-04-09,10:13:33,-07:00,2025-04-09T10:13:33-07:00,0,7
contact/index.html,20,html,33fa1fc2,Tristan Leo,2025-04-04,16:01:45,-07:00,2025-04-04T16:01:45-07:00,0,41
contact/index.html,21,html,33fa1fc2,Tristan Leo,2025-04-04,16:01:45,-07:00,2025-04-04T16:01:45-07:00,0,7
contact/index.html,22,html,33fa1fc2,Tristan Leo,2025-04-04,16:01:45,-07:00,2025-04-04T16:01:45-07:00,0,0
contact/index.html,23,html,33fa1fc2,Tristan Leo,2025-04-04,16:01:45,-07:00,2025-04-04T16:01:45-07:00,0,22
contact/index.html,24,html,33fa1fc2,Tristan Leo,2025-04-04,16:01:45,-07:00,2025-04-04T16:01:45-07:00,0,6
contact/index.html,25,html,9f73a5a4,Tristan Leo,2025-04-16,11:03:05,-07:00,2025-04-16T11:03:05-07:00,0,0
contact/index.html,26,html,9f73a5a4,Tristan Leo,2025-04-16,11:03:05,-07:00,2025-04-16T11:03:05-07:00,0,49
contact/index.html,27,html,33fa1fc2,Tristan Leo,2025-04-04,16:01:45,-07:00,2025-04-04T16:01:45-07:00,0,6
contact/index.html,28,html,33fa1fc2,Tristan Leo,2025-04-04,16:01:45,-07:00,2025-04-04T16:01:45-07:00,0,6
